"";"city_id";"town_id";"city_town";"district_neighborhood";"neighborhood_id";"subdivisions"
"1";1;6;"1 - Ceyhan";"6 - BOTA MH.";337;NA
"2";1;4;"1 - Cukurova";"4 - MEMISLI MH.";298;NA
"3";1;4;"1 - Cukurova";"4 - FADIL MH.";301;NA
"4";1;4;"1 - Cukurova";"4 - BOZCALAR MH.";297;NA
"5";1;4;"1 - Cukurova";"4 - ORCUN MH.";305;NA
"6";1;4;"1 - Cukurova";"4 - KUCUKCINAR MH.";306;NA
"7";1;10;"1 - Karatas";"10 - TABAKLAR MH.";652;NA
"8";1;10;"1 - Karatas";"10 - CAVUSLU MH.";644;NA
"9";1;10;"1 - Karatas";"10 - KARAGOCER MH.";649;NA
"10";1;10;"1 - Karatas";"10 - ATAKOY MH.";642;NA
"11";1;10;"1 - Karatas";"10 - BEBELI MH.";609;NA
"12";1;10;"1 - Karatas";"10 - KAPI MH.";637;NA
"13";1;10;"1 - Karatas";"10 - YENI MH.";604;NA
"14";1;10;"1 - Karatas";"10 - BAHCE MH.";52466;NA
"15";1;11;"1 - Kozan";"11 - AKARCA MH.";717;NA
"16";1;3;"1 - Saricam";"3 - ISTIKLAL MH.";60847;NA
"17";1;3;"1 - Saricam";"3 - BALCALI MH.";60842;NA
"18";1;1;"1 - Seyhan";"1 - CAPUTCU MH.";89;NA
"19";1;1;"1 - Seyhan";"1 - YESILYUVA MH.";35;NA
"20";1;1;"1 - Seyhan";"1 - BESOCAK MH.";6;NA
"21";1;1;"1 - Seyhan";"1 - KOCAVEZIR MH.";30;NA
"22";1;1;"1 - Seyhan";"1 - TEPEBAG MH.";3;NA
"23";1;1;"1 - Seyhan";"1 - MIRZACELEBI MH.";34;NA
"24";1;1;"1 - Seyhan";"1 - KURUKOPRU MH.";31;NA
"25";1;1;"1 - Seyhan";"1 - ULUCAMII MH.";4;NA
"26";1;1;"1 - Seyhan";"1 - ALIDEDE MH.";5;NA
"27";1;1;"1 - Seyhan";"1 - KARASOKU MH.";8;NA
"28";1;1;"1 - Seyhan";"1 - GULPINAR MH.";66;NA
"29";1;1;"1 - Seyhan";"1 - HANEDAN MH.";27;NA
"30";1;1;"1 - Seyhan";"1 - MESTANZADE MH.";9;NA
"31";1;1;"1 - Seyhan";"1 - HURRIYET MH.";7;NA
"32";1;1;"1 - Seyhan";"1 - SARIYAKUP MH.";10;NA
"33";1;1;"1 - Seyhan";"1 - MEYDAN MH.";33;NA
"34";1;1;"1 - Seyhan";"1 - SEHITDURAN MH.";11;NA
"35";1;1;"1 - Seyhan";"1 - KAYALIBAG MH.";163;NA
"36";1;1;"1 - Seyhan";"1 - DUMLUPINAR MH.";32;NA
"37";1;1;"1 - Seyhan";"1 - TURKOCAGI MH.";12;NA
"38";1;1;"1 - Seyhan";"1 - SUCUZADE MH.";18;NA
"39";1;1;"1 - Seyhan";"1 - YENIBEY MH.";13;NA
"40";1;1;"1 - Seyhan";"1 - DORTAGAC MH.";91;NA
"41";1;1;"1 - Seyhan";"1 - KAYISLI MH.";95;NA
"42";1;1;"1 - Seyhan";"1 - HURMALI MH.";28;NA
"43";1;1;"1 - Seyhan";"1 - ISTIKLAL MH.";29;NA
"44";1;1;"1 - Seyhan";"1 - ONUR MH.";38;NA
"45";1;1;"1 - Seyhan";"1 - DENIZLI MH.";51;NA
"46";1;15;"1 - Yumurtalik";"15 - HAMZALI MH.";855;NA
"47";1;15;"1 - Yumurtalik";"15 - KIRMIZIDAM MH.";859;NA
"48";1;15;"1 - Yumurtalik";"15 - KUZUPINARI MH.";860;NA
"49";1;2;"1 - Yuregir";"2 - YESIL BAGLAR MH.";122;NA
"50";1;2;"1 - Yuregir";"2 - DOGANKENT CUMHURIYET MH.";52674;NA
"51";1;2;"1 - Yuregir";"2 - BAHCELIEVLER MH.";112;NA
"52";1;2;"1 - Yuregir";"2 - GAZIPASA MH.";158;NA
"53";1;2;"1 - Yuregir";"2 - DUZCE MH.";193;NA
"54";1;2;"1 - Yuregir";"2 - SOLAKLI CUMHURIYET MH.";52686;NA
"55";1;2;"1 - Yuregir";"2 - BASAK MH.";115;NA
"56";1;2;"1 - Yuregir";"2 - YUNUS EMRE MH.";53001;NA
"57";1;2;"1 - Yuregir";"2 - KOPRUGOZU MH.";628;NA
"58";1;2;"1 - Yuregir";"2 - DEDE KORKUT MH.";53003;NA
"59";1;2;"1 - Yuregir";"2 - YUNUSOGLU HURRIYET MH.";52692;NA
"60";1;2;"1 - Yuregir";"2 - PEKMEZLI MH.";61318;NA
"61";1;2;"1 - Yuregir";"2 - AYDINCIK MH.";169;NA
"62";1;2;"1 - Yuregir";"2 - GOKCELI MH.";53007;NA
"63";1;2;"1 - Yuregir";"2 - KADIKOY MH.";187;NA
"64";1;2;"1 - Yuregir";"2 - YERDELEN MH.";201;NA
"65";1;2;"1 - Yuregir";"2 - YALNIZCA MH.";633;NA
"66";1;2;"1 - Yuregir";"2 - CAGIRKANLI MH.";170;NA
"67";1;2;"1 - Yuregir";"2 - SAZAK MH.";196;NA
"68";1;2;"1 - Yuregir";"2 - KIREMITHANE MH.";127;NA
"69";1;2;"1 - Yuregir";"2 - 19 MAYIS MH.";149;NA
"70";1;2;"1 - Yuregir";"2 - SINANPASA MH.";119;NA
"71";1;2;"1 - Yuregir";"2 - KOZA MH.";217;NA
"72";1;2;"1 - Yuregir";"2 - ANADOLU MH.";147;NA
"73";1;2;"1 - Yuregir";"2 - SARICAM MH.";53002;NA
"74";1;2;"1 - Yuregir";"2 - DOGANKENT KISLA MH.";52673;NA
"75";1;2;"1 - Yuregir";"2 - CUMHURIYET MH.";140;NA
"76";2;16;"2 - Adiyaman Merkez";"16 - AKPINAR KOYU";67431;"MALOĞLU MEZRASI"
"77";2;16;"2 - Adiyaman Merkez";"16 - AKDERE KOYU";946;"AKINCILAR (ÇERÇİYAN) MEZRASI"
"78";2;16;"2 - Adiyaman Merkez";"16 - ULUCAMI MH.";868;NA
"79";2;16;"2 - Adiyaman Merkez";"16 - KAPCAMI MH.";882;NA
"80";2;16;"2 - Adiyaman Merkez";"16 - GOZEBASI KOYU";911;"MADUN MEZRASI"
"81";2;16;"2 - Adiyaman Merkez";"16 - KAYALI KOYU";59352;NA
"82";2;16;"2 - Adiyaman Merkez";"16 - MARA MH.";869;NA
"83";2;16;"2 - Adiyaman Merkez";"16 - MUSALLA MH.";879;NA
"84";2;16;"2 - Adiyaman Merkez";"16 - BEBEK KOYU";948;"MAZLIK MEZRASI"
"85";2;16;"2 - Adiyaman Merkez";"16 - LOKMAN KOYU";925;NA
"86";2;16;"2 - Adiyaman Merkez";"16 - SIRATUT MH.";884;NA
"87";2;16;"2 - Adiyaman Merkez";"16 - ESKIHUSNUMANSUR KOYU";57786;NA
"88";2;17;"2 - Besni";"17 - DUMLUPINAR MH.";997;NA
"89";2;17;"2 - Besni";"17 - CIRIT MEYDANI MH.";1001;NA
"90";2;17;"2 - Besni";"17 - YENI BESNI MH.";1002;NA
"91";2;18;"2 - Celikhan";"18 - AKSU KOYU";58547;"DEVEBOYNU MEZRASI"
"92";2;21;"2 - Kahta";"21 - TURANLI KOYU";61337;"BÜYÜTME MEVKİİ"
"93";2;21;"2 - Kahta";"21 - CAYBASI KOYU";1200;"DUMANLI MEZRASI"
"94";2;22;"2 - Samsat";"22 - UZUNTEPE KOYU";1272;"AĞAKÖY MEZRASI"
"95";3;25;"3 - Afyonkarahisar Merkez";"25 - CUMHURIYET MH.";1448;NA
"96";3;25;"3 - Afyonkarahisar Merkez";"25 - AFYONKARAHISAR OSB MH.";1326;NA
"97";3;25;"3 - Afyonkarahisar Merkez";"25 - ERENLER MH.";1437;NA
"98";3;25;"3 - Afyonkarahisar Merkez";"25 - ZAFER MH.";1345;NA
"99";3;25;"3 - Afyonkarahisar Merkez";"25 - YUNUS EMRE MH.";1942;NA
"100";3;25;"3 - Afyonkarahisar Merkez";"25 - MECIDIYE MH.";1453;NA
"101";3;25;"3 - Afyonkarahisar Merkez";"25 - MARULCU MH.";1358;NA
"102";3;25;"3 - Afyonkarahisar Merkez";"25 - DAIRECEP MH.";59586;NA
"103";3;25;"3 - Afyonkarahisar Merkez";"25 - FAKIPASA MH.";59023;NA
"104";3;25;"3 - Afyonkarahisar Merkez";"25 - BURHANIYE KOYU";1381;NA
"105";3;25;"3 - Afyonkarahisar Merkez";"25 - SAADET KOYU";1399;NA
"106";3;25;"3 - Afyonkarahisar Merkez";"25 - YARENLER MH.";59017;NA
"107";3;25;"3 - Afyonkarahisar Merkez";"25 - SUMER MH.";59598;NA
"108";3;32;"3 - Dinar";"32 - YUKSEL KOYU";1732;"SAĞBAŞLI MEVKİİ"
"109";3;32;"3 - Dinar";"32 - CAMIKEBIR MH.";1670;NA
"110";3;32;"3 - Dinar";"32 - YUKSEL KOYU";1732;"AKKANATLI MEVKİİ"
"111";3;32;"3 - Dinar";"32 - CAKICI KOYU";1706;NA
"112";3;32;"3 - Dinar";"32 - TOPTEPE MH.";1686;NA
"113";3;32;"3 - Dinar";"32 - UCLERCE MH.";1671;NA
"114";3;33;"3 - Emirdag";"33 - TEPEKOY KOYU";1866;NA
"115";4;48;"4 - Patnos";"48 - YUNCULER KOYU";2812;NA
"116";68;876;"68 - Aksaray Merkez";"876 - ZINCIRLI MH.";47474;NA
"117";68;876;"68 - Aksaray Merkez";"876 - MINARECIK MH.";47465;NA
"118";68;876;"68 - Aksaray Merkez";"876 - DERE MH.";47458;NA
"119";68;876;"68 - Aksaray Merkez";"876 - HAMIDIYE MH.";47460;NA
"120";68;876;"68 - Aksaray Merkez";"876 - SOFULAR MH.";47471;NA
"121";68;876;"68 - Aksaray Merkez";"876 - HACIHASANLI MH.";47476;NA
"122";68;876;"68 - Aksaray Merkez";"876 - MUHSIN CELEBI MH.";47466;NA
"123";68;876;"68 - Aksaray Merkez";"876 - TASPINAR BELDESI";67468;"ERENLER OSB MH."
"124";68;878;"68 - Eskil";"878 - BASARAN KOYU";47673;"BUTACI YAYLASI YAYLA EVLERİ"
"125";68;878;"68 - Eskil";"878 - GUNESLI KOYU";47674;"KARABURUN YAYLASI YAYLA EVLERİ"
"126";5;51;"5 - Amasya Merkez";"51 - YUZEVLER MH.";2828;NA
"127";6;58;"6 - Altindag";"58 - ONDER MH.";3339;NA
"128";6;58;"6 - Altindag";"58 - ULUBEY MH.";3342;NA
"129";6;58;"6 - Altindag";"58 - SOLFASOL MH.";3334;NA
"130";6;58;"6 - Altindag";"58 - ATIFBEY MH.";3307;NA
"131";6;58;"6 - Altindag";"58 - HACI BAYRAM MH.";3287;NA
"132";6;70;"6 - Beypazari";"70 - BEYTEPE MH.";3987;NA
"133";6;70;"6 - Beypazari";"70 - RUSTEMPASA MH.";3985;NA
"134";6;70;"6 - Beypazari";"70 - ZAFER MH.";3986;NA
"135";6;70;"6 - Beypazari";"70 - ISTIKLAL MH.";3989;NA
"136";6;70;"6 - Beypazari";"70 - CUMHURIYET MH.";3990;NA
"137";6;59;"6 - Cankaya";"59 - DEVLET MH.";3461;NA
"138";6;59;"6 - Cankaya";"59 - CUMHURIYET MH.";3373;NA
"139";6;61;"6 - Kecioren";"61 - YESILOZ MH.";52782;NA
"140";6;62;"6 - Mamak";"62 - BOSTANCIK MH.";3613;NA
"141";6;62;"6 - Mamak";"62 - KOSTENCE MH.";3606;NA
"142";6;62;"6 - Mamak";"62 - DEMIRLIBAHCE MH.";3615;NA
"143";6;62;"6 - Mamak";"62 - SAFAKTEPE MH.";3616;NA
"144";6;81;"6 - Polatli";"81 - ESENTEPE MH.";4652;NA
"145";6;81;"6 - Polatli";"81 - GULVEREN MH.";4653;NA
"146";6;81;"6 - Polatli";"81 - YENI MH.";4660;NA
"147";6;63;"6 - Sincan";"63 - MALIKOY BASKENT OSB MH.";3720;NA
"148";6;64;"6 - Yenimahalle";"64 - ANADOLU MH.";3748;NA
"149";6;64;"6 - Yenimahalle";"64 - IVEDIKKOY MH.";3807;NA
"150";6;64;"6 - Yenimahalle";"64 - KARSIYAKA MH.";3751;NA
"151";7;89;"7 - Alanya";"89 - KARGICAK MH.";60371;NA
"152";7;89;"7 - Alanya";"89 - MAHMUTLAR MH.";5177;NA
"153";7;89;"7 - Alanya";"89 - KESTEL MH.";5135;NA
"154";7;89;"7 - Alanya";"89 - AVSALLAR MH.";60368;NA
"155";7;85;"7 - Konyaalti";"85 - LIMAN MH.";4945;NA
"156";7;85;"7 - Konyaalti";"85 - HURMA MH.";4942;NA
"157";7;85;"7 - Konyaalti";"85 - SARISU MH.";4949;NA
"158";7;83;"7 - Muratpasa";"83 - TOPCULAR MH.";4831;NA
"159";74;914;"74 - Bartin Merkez";"914 - ORTA MH.";49197;NA
"160";74;914;"74 - Bartin Merkez";"914 - KARASU KOYU";49234;"İNKUM İSKELE MEVKİİ"
"161";74;914;"74 - Bartin Merkez";"914 - GUZELCEHISAR KOYU";49231;"İNKUM YENİ MH."
"162";72;902;"72 - Besiri";"902 - UGURCA KOYU";48660;NA
"163";72;902;"72 - Besiri";"902 - UCKUYULAR KOYU";48668;NA
"164";69;883;"69 - Bayburt Merkez";"883 - YOLALTI KOYU";47889;"YOLALTI OSB MEVKİİ"
"165";11;146;"11 - Bilecik Merkez";"146 - BASKOY KOYU";66428;"MÜCAVİR DIŞI MEVKİİ"
"166";11;146;"11 - Bilecik Merkez";"146 - HURRIYET 2.OSB MH.";55889;NA
"167";11;146;"11 - Bilecik Merkez";"146 - ISTIKLAL MH.";8091;NA
"168";11;152;"11 - Sogut";"152 - CALTI KOYU";55442;"ŞEN MEVKİİ"
"169";12;156;"12 - Genc";"156 - YENIYAZI KOYU";8545;"FIRAT MEZRASI"
"170";14;169;"14 - Bolu Merkez";"169 - FASIL KOYU";9220;"URAN MEVKİİ"
"171";14;169;"14 - Bolu Merkez";"169 - PELITCIK KOYU";9255;"ŞABANLAR MEVKİİ"
"172";14;169;"14 - Bolu Merkez";"169 - BUYUKCAMI MH.";9165;NA
"173";14;170;"14 - Dortdivan";"170 - DOGANCILAR KOYU";9330;"GEREDE YOLU MEVKİİ"
"174";14;171;"14 - Gerede";"171 - YAKAKAYA KOYU";9395;"YUNUSLAR  MEVKİİ"
"175";14;171;"14 - Gerede";"171 - ORTA MH.";54281;NA
"176";14;171;"14 - Gerede";"171 - BAHCEDERE KOYU";9416;"MERKEZ MEVKİİ"
"177";14;174;"14 - Mengen";"174 - KUZGOL KOYU";54029;"YILDIZ MEVKİİ"
"178";14;174;"14 - Mengen";"174 - TEBERIKLER KOYU";9566;"YONSAKLAR MEVKİİ"
"179";14;175;"14 - Mudurnu";"175 - SURMELI KOYU";9601;"ÇAYIRALTI MEVKİİ"
"180";15;181;"15 - Bucak";"181 - CAMLICAOSB MH.";55464;NA
"181";15;178;"15 - Burdur Merkez";"178 - KUYU MH.";9706;NA
"182";15;178;"15 - Burdur Merkez";"178 - KARASENIR MH.";9739;NA
"183";15;178;"15 - Burdur Merkez";"178 - DEGIRMENLER MH.";9710;NA
"184";15;178;"15 - Burdur Merkez";"178 - INONU MH.";9736;NA
"185";15;178;"15 - Burdur Merkez";"178 - KONAK MH.";9729;NA
"186";15;178;"15 - Burdur Merkez";"178 - PAZAR MH.";9735;NA
"187";15;178;"15 - Burdur Merkez";"178 - CESMEDAMI MH.";9732;NA
"188";15;183;"15 - Celtikci";"183 - CEBIS KOYU";9896;"ORTAYOL MEVKİİ"
"189";15;184;"15 - Golhisar";"184 - SORKUN KOYU";9916;NA
"190";16;198;"16 - Karacabey";"198 - FEVZIPASA MH.";10620;NA
"191";16;189;"16 - Nilufer";"189 - FETHIYEOSB MH.";10029;NA
"192";16;190;"16 - Osmangazi";"190 - DEMIRTAS DUMLUPINAROSB MH.";53245;NA
"193";16;190;"16 - Osmangazi";"190 - SELIMIYE MH.";10107;NA
"194";16;190;"16 - Osmangazi";"190 - HOCAHASAN MH.";10102;NA
"195";16;190;"16 - Osmangazi";"190 - CIRPAN MH.";10101;NA
"196";16;190;"16 - Osmangazi";"190 - INTIZAM MH.";10103;NA
"197";16;190;"16 - Osmangazi";"190 - ALTIPARMAK MH.";10100;NA
"198";16;190;"16 - Osmangazi";"190 - ALACAMESCIT MH.";10078;NA
"199";16;190;"16 - Osmangazi";"190 - AHMETPASA MH.";10098;NA
"200";16;190;"16 - Osmangazi";"190 - KIREMITCI MH.";10118;NA
"201";16;190;"16 - Osmangazi";"190 - SANTRAL GARAJ MH.";10129;NA
"202";16;190;"16 - Osmangazi";"190 - DOGANBEY MH.";10115;NA
"203";16;190;"16 - Osmangazi";"190 - SEHABETTINPASA MH.";10105;NA
"204";16;190;"16 - Osmangazi";"190 - KURUCESME MH.";10104;NA
"205";16;205;"16 - Yenisehir ";"205 - HIDIRBALI MH.";11040;NA
"206";16;191;"16 - Yildirim";"191 - ANADOLU MH.";10211;NA
"207";16;191;"16 - Yildirim";"191 - DUACINARI MH.";10207;NA
"208";16;191;"16 - Yildirim";"191 - BEYAZIT MH.";10243;NA
"209";17;207;"17 - Ayvacik ";"207 - ADATEPE KOYU";11226;"PINARALTI MEVKİİ"
"210";17;207;"17 - Ayvacik ";"207 - PASAKOY KOYU";11191;"PAŞAKÖY ALTI MEVKİİ"
"211";17;208;"17 - Bayramic";"208 - BEKIRLER KOYU";11288;NA
"212";17;209;"17 - Biga";"209 - AGAKOY KOYU";11321;"AĞAKÖY (MÜCAVİR) MEVKİİ"
"213";17;206;"17 - Canakkale Merkez";"206 - ISIKLAR KOYU";11114;"TESTİCİKIRI MEVKİİ"
"214";17;206;"17 - Canakkale Merkez";"206 - KEMALPASA MH.";11107;NA
"215";17;214;"17 - Gelibolu";"214 - KAVAKKOY BELDESI";68278;"CUMHURİYET MH."
"216";17;214;"17 - Gelibolu";"214 - BURHANLI KOYU";11595;"DOĞA MEVKİİ"
"217";17;214;"17 - Gelibolu";"214 - ADILHAN KOYU";11618;"BOSTANLIK MEVKİİ"
"218";17;1024;"17 - Gokceada";"1024 - SIRINKOY KOYU";56755;NA
"219";18;218;"18 - Cankiri Merkez";"218 - INCILI  CESME MH.";11780;NA
"220";18;218;"18 - Cankiri Merkez";"218 - AYAN KOYU";67729;"MERKEZ MEVKİİ"
"221";18;218;"18 - Cankiri Merkez";"218 - TABAKHANE MH.";11782;NA
"222";18;221;"18 - Cerkes";"221 - ORENKOY KOYU";11932;"DERE YAYLA YAYLA EVLERİ"
"223";18;221;"18 - Cerkes";"221 - YESILOZ KOYU";66439;"YEŞİLOVA MEVKİİ"
"224";18;223;"18 - Ilgaz";"223 - ODEMIS KOYU";12012;"SARAY MEVKİİ"
"225";18;225;"18 - Korgun";"225 - BUYUKOSB MH.";12077;NA
"226";18;226;"18 - Kursunlu";"226 - SARIALAN KOYU";67706;"PINARCIK MEVKİİ"
"227";18;228;"18 - Sabanozu";"228 - MARTKOY KOYU";12180;"ÇADIR MEVKİİ"
"228";19;230;"19 - Corum Merkez";"230 - KADIKIRI KOYU";12340;"KADIKIRI MÜCAVİR MEVKİİ"
"229";19;230;"19 - Corum Merkez";"230 - SARIMBEY KOYU";12276;"SARIMBEY MÜCAVİR MEVKİİ"
"230";19;230;"19 - Corum Merkez";"230 - KARAPINAR KOYU";12352;"KARAPINAR MÜCAVİR MEVKİİ"
"231";19;230;"19 - Corum Merkez";"230 - ESKIEKIN KOYU";12315;"HARMANTARLA MEVKİİ"
"232";19;230;"19 - Corum Merkez";"230 - COMARBASI KOYU";58786;"RIÇVANLAR MEVKİİ"
"233";19;230;"19 - Corum Merkez";"230 - HAMDIKOY KOYU";12329;"AŞAĞI MEVKİİ"
"234";19;230;"19 - Corum Merkez";"230 - CEPNI MH.";12231;NA
"235";20;244;"20 - Merkezefendi";"244 - ZAFER MH.";13187;NA
"236";21;267;"21 - Bismil";"267 - KARACIK MH.";14071;NA
"237";21;267;"21 - Bismil";"267 - KARAPINAR MH.";53530;NA
"238";21;279;"21 - Silvan";"279 - COBANTEPE MH.";14814;NA
"239";81;951;"81 - Duzce Merkez";"951 - ORHANGAZI MH.";60557;NA
"240";81;951;"81 - Duzce Merkez";"951 - BURHANIYE MH.";50901;NA
"241";23;293;"23 - Baskil";"293 - KARAKAS KOYU";15484;"YUKARI ATLILAR MEZRASI"
"242";23;289;"23 - Elazig Merkez";"289 - OKSUZUSAGI KOYU";68178;"ALİ ÇAVUŞ MEZRASI"
"243";23;289;"23 - Elazig Merkez";"289 - SANAYI MH.";15221;NA
"244";23;289;"23 - Elazig Merkez";"289 - CARSI MH.";15199;NA
"245";23;289;"23 - Elazig Merkez";"289 - SUTLUCE KOYU";66367;NA
"246";23;289;"23 - Elazig Merkez";"289 - SUTLUCE KOYU";66367;"SÜTLÜCE MEVKİİ"
"247";23;289;"23 - Elazig Merkez";"289 - ALACA KOYU";59488;"ALACA(MERKEZ) MEVKİİ"
"248";23;289;"23 - Elazig Merkez";"289 - BALLICA KOYU";51515;"BALLICA MEVKİİ"
"249";23;295;"23 - Keban";"295 - BADEMLI KOYU";15634;"SİNO MEZRASI MEZRASI"
"250";23;295;"23 - Keban";"295 - ALTIYAKA KOYU";68161;"DEDE MEZRASI"
"251";23;299;"23 - Sivrice";"299 - BEKCITEPE KOYU";15806;"DOĞANLAR MEZRASI"
"252";24;300;"24 - Erzincan Merkez";"300 - KARAAGAC MH.";15862;NA
"253";24;302;"24 - Ilic";"302 - AGILDERE KOYU";16080;"APUŞTA MEZRASI"
"254";24;303;"24 - Kemah";"303 - GOLKAYNAK KOYU";16127;"GİNDİRA MEVKİİ"
"255";24;307;"24 - Tercan";"307 - KONARLI KOYU";16448;NA
"256";24;307;"24 - Tercan";"307 - CALKISLA KOYU";64109;NA
"257";26;329;"26 - Odunpazari";"329 - 75. YIL OSB MH.";17864;NA
"258";26;329;"26 - Odunpazari";"329 - HUZUR MH.";17862;NA
"259";26;330;"26 - Tepebasi";"330 - MUTTALIP ORTA MH.";17965;NA
"260";27;346;"27 - Araban";"346 - DUMLUPINAR MH.";18722;NA
"261";27;346;"27 - Araban";"346 - MEHMET GOKCEK MH.";18725;NA
"262";27;347;"27 - Islahiye";"347 - ORTULU MH.";18821;NA
"263";27;347;"27 - Islahiye";"347 - HURRIYET MH.";18783;NA
"264";27;347;"27 - Islahiye";"347 - CEVDETPASA MH.";18776;NA
"265";27;347;"27 - Islahiye";"347 - FEVZI CAKMAK MH.";18782;NA
"266";27;347;"27 - Islahiye";"347 - PINARBASI MH.";19042;NA
"267";27;347;"27 - Islahiye";"347 - DEGIRMENCIK MH.";18799;NA
"268";27;347;"27 - Islahiye";"347 - ERENLER MH.";18781;NA
"269";27;347;"27 - Islahiye";"347 - AYDINLIK MH.";18772;NA
"270";27;347;"27 - Islahiye";"347 - BEYLER MH.";18774;NA
"271";27;347;"27 - Islahiye";"347 - DERVISPASA MH.";18780;NA
"272";27;347;"27 - Islahiye";"347 - ATATURK MH.";18771;NA
"273";27;347;"27 - Islahiye";"347 - KIRIKCALI MH.";18815;NA
"274";27;347;"27 - Islahiye";"347 - YENI MH.";18785;NA
"275";27;347;"27 - Islahiye";"347 - HACI ALI OZTURK MH.";55599;NA
"276";27;348;"27 - Karkamis";"348 - GURCAY MH.";18865;NA
"277";27;348;"27 - Karkamis";"348 - BESKILIC MH.";18859;NA
"278";27;348;"27 - Karkamis";"348 - LOJMANLAR MH.";18852;NA
"279";27;348;"27 - Karkamis";"348 - KEPIRLER MH.";18869;NA
"280";27;348;"27 - Karkamis";"348 - BALABAN MH.";18858;NA
"281";27;348;"27 - Karkamis";"348 - ERENYOLU MH.";18864;NA
"282";27;348;"27 - Karkamis";"348 - AKCAKOY MH.";18853;NA
"283";27;348;"27 - Karkamis";"348 - YARIMCA MH.";18883;NA
"284";27;349;"27 - Nizip";"349 - BELKIS (MERKEZ) MH.";18510;NA
"285";27;349;"27 - Nizip";"349 - CUMHURIYET MH.";18892;NA
"286";27;349;"27 - Nizip";"349 - SIHLAR MH.";18908;NA
"287";27;349;"27 - Nizip";"349 - SAHA MH.";18906;NA
"288";27;349;"27 - Nizip";"349 - TAHTANI MH.";18909;NA
"289";27;349;"27 - Nizip";"349 - SAHINBEY MH.";18907;NA
"290";27;349;"27 - Nizip";"349 - ISTASYON MH.";18898;NA
"291";27;349;"27 - Nizip";"349 - FEVZI PASA MH.";18895;NA
"292";27;349;"27 - Nizip";"349 - HAFIZPASA MH.";18897;NA
"293";27;349;"27 - Nizip";"349 - PAZAR CAMII MH.";18905;NA
"294";27;349;"27 - Nizip";"349 - ZEYTINLIK MH.";18912;NA
"295";27;349;"27 - Nizip";"349 - FEVKANI MH.";18894;NA
"296";27;349;"27 - Nizip";"349 - ISTIKLAL MH.";18899;NA
"297";27;349;"27 - Nizip";"349 - NAMIK KEMAL MH.";18902;NA
"298";27;349;"27 - Nizip";"349 - BELKIS MH.";58824;NA
"299";27;349;"27 - Nizip";"349 - TURNALI MH.";18979;NA
"300";27;349;"27 - Nizip";"349 - ATATURK MH.";18890;NA
"301";27;349;"27 - Nizip";"349 - KIBRIS MH.";18901;NA
"302";27;349;"27 - Nizip";"349 - NAHIRTEPE MH.";18966;NA
"303";27;349;"27 - Nizip";"349 - YESILEVLER MH.";18910;NA
"304";27;349;"27 - Nizip";"349 - MIMAR SINAN MH.";18904;NA
"305";27;350;"27 - Nurdagi";"350 - ASLANLI MH.";18994;NA
"306";27;350;"27 - Nurdagi";"350 - GEDIKLI MH.";19011;NA
"307";27;350;"27 - Nurdagi";"350 - ESENYURT MH.";18997;NA
"308";27;345;"27 - Oguzeli";"345 - TASCANAK MH.";18712;NA
"309";27;345;"27 - Oguzeli";"345 - CAVUSBASI MH.";18669;NA
"310";27;345;"27 - Oguzeli";"345 - BULDUK MH.";18632;NA
"311";27;345;"27 - Oguzeli";"345 - KURTULUS MH.";18640;NA
"312";27;345;"27 - Oguzeli";"345 - DEVEHUYUGU MH.";18672;NA
"313";27;345;"27 - Oguzeli";"345 - GULLUK MH.";18637;NA
"314";27;345;"27 - Oguzeli";"345 - BESDELI MH.";18631;NA
"315";27;345;"27 - Oguzeli";"345 - ASAGI GUNEYSE MH.";18661;NA
"316";27;345;"27 - Oguzeli";"345 - OGUZLAR MH.";18642;NA
"317";27;345;"27 - Oguzeli";"345 - SIH KUCUKKARACAVIRAN MH.";59303;NA
"318";27;345;"27 - Oguzeli";"345 - SUBASI MH.";18644;NA
"319";27;343;"27 - Sahinbey";"343 - KARATARLA MH.";18312;NA
"320";27;343;"27 - Sahinbey";"343 - EYUPOGLU MH.";18310;NA
"321";27;343;"27 - Sahinbey";"343 - ALAYBEY MH.";18306;NA
"322";27;343;"27 - Sahinbey";"343 - SAVCILI MH.";18358;NA
"323";27;343;"27 - Sahinbey";"343 - AYDINBABA MH.";18320;NA
"324";27;343;"27 - Sahinbey";"343 - BEY MH.";18308;NA
"325";27;343;"27 - Sahinbey";"343 - KOZANLI MH.";18313;NA
"326";27;343;"27 - Sahinbey";"343 - KARAGOZ MH.";18401;NA
"327";27;343;"27 - Sahinbey";"343 - TISLAKI MH.";18406;NA
"328";27;343;"27 - Sahinbey";"343 - SUYABATMAZ MH.";18314;NA
"329";27;343;"27 - Sahinbey";"343 - KILINCOGLU MH.";18335;NA
"330";27;343;"27 - Sahinbey";"343 - SEKEROGLU MH.";18405;NA
"331";27;343;"27 - Sahinbey";"343 - SULTAN SELIM MH.";18340;NA
"332";27;343;"27 - Sahinbey";"343 - BOSTANCI MH.";18395;NA
"333";27;343;"27 - Sahinbey";"343 - SAHVELI MH.";18316;NA
"334";27;343;"27 - Sahinbey";"343 - SEFERPASA MH.";18404;NA
"335";27;343;"27 - Sahinbey";"343 - ETILER MH.";18348;NA
"336";27;343;"27 - Sahinbey";"343 - AKYOL MH.";18305;NA
"337";27;343;"27 - Sahinbey";"343 - CABI MH.";18397;NA
"338";27;343;"27 - Sahinbey";"343 - SAKARYA MH.";18357;NA
"339";27;343;"27 - Sahinbey";"343 - CEMAL GURSEL MH.";18324;NA
"340";27;343;"27 - Sahinbey";"343 - UNALDI MH.";18344;NA
"341";27;343;"27 - Sahinbey";"343 - SACAKLI MH.";18339;NA
"342";27;343;"27 - Sahinbey";"343 - TURKTEPE MH.";18407;NA
"343";27;343;"27 - Sahinbey";"343 - KOZLUCA MH.";18403;NA
"344";27;343;"27 - Sahinbey";"343 - SENYURT MH.";18341;NA
"345";27;343;"27 - Sahinbey";"343 - HOSGOR MH.";18351;NA
"346";27;343;"27 - Sahinbey";"343 - KANALICI MH.";18400;NA
"347";27;343;"27 - Sahinbey";"343 - TEKSTILKENT MH.";18385;NA
"348";27;343;"27 - Sahinbey";"343 - YAVUZLAR MH.";18345;NA
"349";27;343;"27 - Sahinbey";"343 - KEPENEK MH.";18402;NA
"350";27;343;"27 - Sahinbey";"343 - INONU MH.";18647;NA
"351";27;343;"27 - Sahinbey";"343 - BEKIRBEY MH.";18381;NA
"352";27;343;"27 - Sahinbey";"343 - ALIBABA MH.";18319;NA
"353";27;343;"27 - Sahinbey";"343 - BOZOKLAR MH.";18382;NA
"354";27;343;"27 - Sahinbey";"343 - YUKARIBAYIR MH.";18362;NA
"355";27;343;"27 - Sahinbey";"343 - BOYACI MH.";18396;NA
"356";27;343;"27 - Sahinbey";"343 - TURAN EMEKSIZ MH.";18360;NA
"357";27;343;"27 - Sahinbey";"343 - BARIS MH.";18321;NA
"358";27;343;"27 - Sahinbey";"343 - UCOKLAR MH.";18391;NA
"359";27;343;"27 - Sahinbey";"343 - KARAYILAN MH.";18334;NA
"360";27;343;"27 - Sahinbey";"343 - DUMLUPINAR MH.";18328;NA
"361";27;343;"27 - Sahinbey";"343 - KIBRIS MH.";18353;NA
"362";27;343;"27 - Sahinbey";"343 - GUMUSTEKIN MH.";18350;NA
"363";27;343;"27 - Sahinbey";"343 - ALLEBEN MH.";18485;NA
"364";27;343;"27 - Sahinbey";"343 - YAZICIK MH.";18409;NA
"365";27;343;"27 - Sahinbey";"343 - DUZTEPE MH.";18329;NA
"366";27;343;"27 - Sahinbey";"343 - KAHVELIPINAR MH.";18352;NA
"367";27;343;"27 - Sahinbey";"343 - CUMHURIYET MH.";19037;NA
"368";27;343;"27 - Sahinbey";"343 - ESENTEPE MH.";18330;NA
"369";27;343;"27 - Sahinbey";"343 - NURIPAZARBASI MH.";18355;NA
"370";27;343;"27 - Sahinbey";"343 - BEYDILLI MH.";19035;NA
"371";27;343;"27 - Sahinbey";"343 - CAMLICA MH.";18347;NA
"372";27;343;"27 - Sahinbey";"343 - TURKMENLER MH.";18342;NA
"373";27;343;"27 - Sahinbey";"343 - KURBANBABA MH.";18354;NA
"374";27;343;"27 - Sahinbey";"343 - TORELI MH.";18472;NA
"375";27;343;"27 - Sahinbey";"343 - AKDERE MH.";18318;NA
"376";27;343;"27 - Sahinbey";"343 - CENGIZ TOPEL MH.";18325;NA
"377";27;343;"27 - Sahinbey";"343 - KONAK MH.";18375;NA
"378";27;343;"27 - Sahinbey";"343 - GUZELVADI MH.";18332;NA
"379";27;343;"27 - Sahinbey";"343 - PERILIKAYA MH.";18389;NA
"380";27;343;"27 - Sahinbey";"343 - YESILPINAR MH.";18433;NA
"381";27;343;"27 - Sahinbey";"343 - 25 ARALIK MH.";18378;NA
"382";27;343;"27 - Sahinbey";"343 - VATAN MH.";18392;NA
"383";27;343;"27 - Sahinbey";"343 - YESILKENT MH.";18393;NA
"384";27;343;"27 - Sahinbey";"343 - BEYBAHCE MH.";18322;NA
"385";27;343;"27 - Sahinbey";"343 - BEYAZLAR MH.";18369;NA
"386";27;343;"27 - Sahinbey";"343 - YAMACTEPE MH.";18476;NA
"387";27;343;"27 - Sahinbey";"343 - BURC KARAKUYU MH.";18416;NA
"388";27;343;"27 - Sahinbey";"343 - ULAS MH.";18361;NA
"389";27;343;"27 - Sahinbey";"343 - KAVAKLIK MH.";18539;NA
"390";27;343;"27 - Sahinbey";"343 - KUCUKKIZILHISAR MH.";18419;NA
"391";27;343;"27 - Sahinbey";"343 - ONUR MH.";18356;NA
"392";27;343;"27 - Sahinbey";"343 - ISTIKLAL MH.";18373;NA
"393";27;343;"27 - Sahinbey";"343 - MALAZGIRT MH.";66455;NA
"394";27;343;"27 - Sahinbey";"343 - DENIZ MH.";18371;NA
"395";27;343;"27 - Sahinbey";"343 - BINEVLER MH.";18534;NA
"396";27;343;"27 - Sahinbey";"343 - BAHCELIEVLER MH.";18307;NA
"397";27;344;"27 - Sehitkamil";"344 - AKTOPRAK SB MH.";62414;NA
"398";27;344;"27 - Sehitkamil";"344 - NESIMI MH.";62404;NA
"399";27;344;"27 - Sehitkamil";"344 - YAPRAK MH.";59610;NA
"400";27;344;"27 - Sehitkamil";"344 - CAKMAK MH.";59599;NA
"401";27;344;"27 - Sehitkamil";"344 - INCILIKAYA MH.";55659;NA
"402";27;344;"27 - Sehitkamil";"344 - CAGLAYAN MH.";18515;NA
"403";27;344;"27 - Sehitkamil";"344 - EYDIBABA MH.";18517;NA
"404";27;344;"27 - Sehitkamil";"344 - HUMANIZ MH.";66344;NA
"405";27;344;"27 - Sehitkamil";"344 - GOZTEPE MH.";18519;NA
"406";27;344;"27 - Sehitkamil";"344 - SACIR MH.";66338;NA
"407";27;344;"27 - Sehitkamil";"344 - DULUKBABA MH.";18516;NA
"408";27;344;"27 - Sehitkamil";"344 - CIKSORUT MH.";18498;NA
"409";27;344;"27 - Sehitkamil";"344 - KARAOGLAN MH.";18502;NA
"410";27;344;"27 - Sehitkamil";"344 - KARSIYAKA MH.";18523;NA
"411";27;344;"27 - Sehitkamil";"344 - HURRIYET MH.";18522;NA
"412";27;344;"27 - Sehitkamil";"344 - MITHATPASA MH.";18526;NA
"413";27;344;"27 - Sehitkamil";"344 - SINAN OSB MH.";18629;NA
"414";27;344;"27 - Sehitkamil";"344 - HASIRCIOGLU MH.";18521;NA
"415";27;344;"27 - Sehitkamil";"344 - TASLICA MH.";18544;NA
"416";27;344;"27 - Sehitkamil";"344 - MUNUFPASA MH.";18527;NA
"417";27;344;"27 - Sehitkamil";"344 - YUNUS EMRE MH.";18532;NA
"418";27;344;"27 - Sehitkamil";"344 - SAM MH.";18554;NA
"419";27;344;"27 - Sehitkamil";"344 - GIRNE MH.";18499;NA
"420";27;344;"27 - Sehitkamil";"344 - NURTEPE MH.";18528;NA
"421";28;363;"28 - Kesap";"363 - GECIT KOYU";19602;"TAMGERİŞ MEVKİİ"
"422";29;368;"29 - Gumushane Merkez";"368 - YAGLIDERE KOYU";19882;"BULUT MEVKİİ"
"423";31;379;"31 - Altinozu";"379 - BOYNUYOGUN MH.";20668;NA
"424";31;379;"31 - Altinozu";"379 - YENISEHIR MH.";20704;NA
"425";31;379;"31 - Altinozu";"379 - TOKACLI MH.";20678;NA
"426";31;379;"31 - Altinozu";"379 - FATIKLI MH.";20661;NA
"427";31;379;"31 - Altinozu";"379 - SARILAR MH.";20662;NA
"428";31;379;"31 - Altinozu";"379 - HACIPASA MH.";58183;NA
"429";31;379;"31 - Altinozu";"379 - TURKMENMEZRAASI MH.";20689;NA
"430";31;379;"31 - Altinozu";"379 - YENIHISAR MH.";57218;NA
"431";31;379;"31 - Altinozu";"379 - SARIBUK MH.";20699;NA
"432";31;379;"31 - Altinozu";"379 - SIVRIKAVAK MH.";20701;NA
"433";31;379;"31 - Altinozu";"379 - TOKDEMIR MH.";20679;NA
"434";31;379;"31 - Altinozu";"379 - KANSU MH.";20685;NA
"435";31;379;"31 - Altinozu";"379 - AVUTTEPE MH.";20667;NA
"436";31;1068;"31 - Antakya";"1068 - APAYDIN MH.";20531;NA
"437";31;1068;"31 - Antakya";"1068 - MEYDAN MH.";20513;NA
"438";31;1068;"31 - Antakya";"1068 - NARLICA MH.";20649;NA
"439";31;1068;"31 - Antakya";"1068 - SEYHALI MH.";59601;NA
"440";31;1068;"31 - Antakya";"1068 - ORHANLI MH.";55831;NA
"441";31;1068;"31 - Antakya";"1068 - KOCAABDI MH.";55678;NA
"442";31;1068;"31 - Antakya";"1068 - HACI OMER ALPAGOT MH.";55672;NA
"443";31;1068;"31 - Antakya";"1068 - BARBAROS MH.";59602;NA
"444";31;1068;"31 - Antakya";"1068 - HABIB-I NECCAR MH.";20526;NA
"445";31;1068;"31 - Antakya";"1068 - AKCAOVA MH.";20593;NA
"446";31;1068;"31 - Antakya";"1068 - HARAPARASI MH.";20512;NA
"447";31;1068;"31 - Antakya";"1068 - IPLIK PAZARI MH.";55676;NA
"448";31;1068;"31 - Antakya";"1068 - EMEK MH.";20503;NA
"449";31;1068;"31 - Antakya";"1068 - BINICILER MH.";55671;NA
"450";31;1068;"31 - Antakya";"1068 - SEHITLER MH.";55661;NA
"451";31;1068;"31 - Antakya";"1068 - AKHISAR MH.";55827;NA
"452";31;1068;"31 - Antakya";"1068 - AKSARAY MH.";20509;NA
"453";31;1068;"31 - Antakya";"1068 - MELEKLI MH.";20587;NA
"454";31;1068;"31 - Antakya";"1068 - YENI CAMII MH.";20525;NA
"455";31;1068;"31 - Antakya";"1068 - ULUCAMII MH.";20527;NA
"456";31;1068;"31 - Antakya";"1068 - SOFULAR MH.";20603;NA
"457";31;1068;"31 - Antakya";"1068 - AYDINLIKEVLER MH.";20514;NA
"458";31;1068;"31 - Antakya";"1068 - DUTDIBI MH.";55650;NA
"459";31;1068;"31 - Antakya";"1068 - MASUKLU MH.";20657;NA
"460";31;1068;"31 - Antakya";"1068 - CUMHURIYET MH.";20658;NA
"461";31;1068;"31 - Antakya";"1068 - ALTINCAY MH.";20504;NA
"462";31;1068;"31 - Antakya";"1068 - AVSUYU MH.";59621;NA
"463";31;1068;"31 - Antakya";"1068 - BOZHOYUK MH.";20534;NA
"464";31;1068;"31 - Antakya";"1068 - BOHSIN MH.";20545;NA
"465";31;380;"31 - Belen";"380 - CUMHURIYET MH.";62496;NA
"466";31;380;"31 - Belen";"380 - BAKRAS MH.";20710;NA
"467";31;380;"31 - Belen";"380 - DEREBAHCE MH.";20709;NA
"468";31;380;"31 - Belen";"380 - MUHLISALI MH.";20706;NA
"469";31;384;"31 - Iskenderun";"384 - MURADIYE MH.";20857;NA
"470";31;384;"31 - Iskenderun";"384 - ESENTEPE MH.";20847;NA
"471";31;384;"31 - Iskenderun";"384 - BARBAROS MH.";20829;NA
"472";31;384;"31 - Iskenderun";"384 - CUMHURIYET MH.";20825;NA
"473";31;384;"31 - Iskenderun";"384 - DUMLUPINAR MH.";57604;NA
"474";31;385;"31 - Kirikhan";"385 - TORUN MH.";20958;NA
"475";31;385;"31 - Kirikhan";"385 - KURTULUS MH.";20904;NA
"476";31;385;"31 - Kirikhan";"385 - GUNDUZ MH.";58051;NA
"477";31;385;"31 - Kirikhan";"385 - CILOGLANHUYUGU MH.";20924;NA
"478";31;385;"31 - Kirikhan";"385 - GULTEPE MH.";20963;NA
"479";31;385;"31 - Kirikhan";"385 - YENI MH.";20911;NA
"480";31;385;"31 - Kirikhan";"385 - MENDERES MH.";54119;NA
"481";31;385;"31 - Kirikhan";"385 - ALSANCAK MH.";20910;NA
"482";31;385;"31 - Kirikhan";"385 - BARBAROS MH.";20903;NA
"483";31;385;"31 - Kirikhan";"385 - FATIH MH.";20905;NA
"484";31;385;"31 - Kirikhan";"385 - 408 EVLER MH.";20909;NA
"485";31;385;"31 - Kirikhan";"385 - MURATPASA MH.";20946;NA
"486";31;385;"31 - Kirikhan";"385 - GAZI MH.";20901;NA
"487";31;385;"31 - Kirikhan";"385 - CATALTEPE MH.";20923;NA
"488";31;385;"31 - Kirikhan";"385 - AYDINLI MH.";20906;NA
"489";31;385;"31 - Kirikhan";"385 - ALPARSLAN MH.";20908;NA
"490";31;385;"31 - Kirikhan";"385 - MAHMUTLU MH.";20945;NA
"491";31;385;"31 - Kirikhan";"385 - BAHCELIEVLER MH.";20913;NA
"492";31;385;"31 - Kirikhan";"385 - GUVENTASI MH.";20929;NA
"493";31;385;"31 - Kirikhan";"385 - CUMHURIYET MH.";20902;NA
"494";31;386;"31 - Kumlu";"386 - HAMAM MH.";21010;NA
"495";31;386;"31 - Kumlu";"386 - GOKCEOGLU MH.";20968;NA
"496";31;386;"31 - Kumlu";"386 - CUMHURIYET MH.";20966;NA
"497";31;386;"31 - Kumlu";"386 - FEVZI CAKMAK MH.";20967;NA
"498";31;386;"31 - Kumlu";"386 - AKKUYU MH.";20999;NA
"499";31;386;"31 - Kumlu";"386 - MUHARREM MH.";20998;NA
"500";31;1069;"31 - Payas";"1069 - YILDIRIM BEYAZIT MH.";20749;NA
"501";31;387;"31 - Reyhanli";"387 - CUMHURIYET MH.";20981;NA
"502";31;387;"31 - Reyhanli";"387 - DAVUTPASA MH.";21021;NA
"503";31;387;"31 - Reyhanli";"387 - BUKULMEZ MH.";21020;NA
"504";31;387;"31 - Reyhanli";"387 - KURTULUS MH.";20986;NA
"505";31;387;"31 - Reyhanli";"387 - BAGLAR MH.";20991;NA
"506";31;387;"31 - Reyhanli";"387 - FIDANLIK MH.";20990;NA
"507";31;387;"31 - Reyhanli";"387 - GULTEPE MH.";20626;NA
"508";31;387;"31 - Reyhanli";"387 - BAHCELIEVLER MH.";20644;NA
"509";31;387;"31 - Reyhanli";"387 - YENISEHIR MH.";20993;NA
"510";31;387;"31 - Reyhanli";"387 - PINARBASI MH.";20627;NA
"511";31;387;"31 - Reyhanli";"387 - YENI MH.";20985;NA
"512";31;387;"31 - Reyhanli";"387 - CILVEGOZU MH.";21026;NA
"513";31;387;"31 - Reyhanli";"387 - MUSTAFA KEMAL MH.";20989;NA
"514";31;387;"31 - Reyhanli";"387 - BAYIR MH.";20988;NA
"515";31;387;"31 - Reyhanli";"387 - ESENTEPE MH.";20982;NA
"516";31;387;"31 - Reyhanli";"387 - UZUNKAVAK MH.";21042;NA
"517";31;387;"31 - Reyhanli";"387 - DEGIRMENKASI MH.";20984;NA
"518";31;387;"31 - Reyhanli";"387 - YESILOVA MH.";20987;NA
"519";31;387;"31 - Reyhanli";"387 - ADABUCAK MH.";20994;NA
"520";31;387;"31 - Reyhanli";"387 - TAYFURSOKMEN MH.";21040;NA
"521";31;387;"31 - Reyhanli";"387 - CUDEYDE MH.";20983;NA
"522";31;387;"31 - Reyhanli";"387 - AKYAYLA MH.";21023;NA
"523";31;387;"31 - Reyhanli";"387 - GOKTEPE MH.";21031;NA
"524";31;387;"31 - Reyhanli";"387 - PASAHUYUK MH.";21014;NA
"525";31;387;"31 - Reyhanli";"387 - AHMETBEYLI MH.";21022;NA
"526";31;387;"31 - Reyhanli";"387 - HARRAN MH.";21035;NA
"527";31;387;"31 - Reyhanli";"387 - GAZIMURSELTEPESI MH.";21030;NA
"528";31;387;"31 - Reyhanli";"387 - ALAKUZU MH.";21024;NA
"529";31;387;"31 - Reyhanli";"387 - KARASULEYMANLI MH.";21034;NA
"530";31;389;"31 - Yayladagi";"389 - KURTULUS MH.";21097;NA
"531";31;389;"31 - Yayladagi";"389 - TUTLUBAHCE MH.";21098;NA
"532";76;925;"76 - Aralik";"925 - EMINCE KOYU";49813;"TİGEM MEVKİİ"
"533";32;390;"32 - Isparta Merkez";"390 - BAHCELIEVLER MH.";21163;NA
"534";32;390;"32 - Isparta Merkez";"390 - BAGLAR MH.";21150;NA
"535";32;390;"32 - Isparta Merkez";"390 - PIRIMEHMET MH.";21148;NA
"536";32;396;"32 - Keciborlu";"396 - ASAGI MH.";21329;NA
"537";34;429;"34 - Avcilar";"429 - DENIZKOSKLER MH.";51425;NA
"538";34;429;"34 - Avcilar";"429 - MERKEZ MH.";22814;NA
"539";34;429;"34 - Avcilar";"429 - GUMUSPALA MH.";22818;NA
"540";34;431;"34 - Bahcelievler";"431 - SIRINEVLER MH.";22838;NA
"541";34;434;"34 - Basaksehir";"434 - IKITELLI OSB MH.";60688;NA
"542";34;434;"34 - Basaksehir";"434 - ZIYA GOKALP MH.";22887;NA
"543";34;418;"34 - Besiktas";"418 - YILDIZ MH.";22457;NA
"544";34;435;"34 - Beylikduzu";"435 - BEYLIKDUZUOSB MH.";54944;NA
"545";34;419;"34 - Beyoglu";"419 - KOCATEPE  MH.";22492;NA
"546";34;419;"34 - Beyoglu";"419 - SEHIT MUHTAR  MH.";22489;NA
"547";34;419;"34 - Beyoglu";"419 - BULBUL  MH.";22483;NA
"548";34;419;"34 - Beyoglu";"419 - CUKUR  MH.";22484;NA
"549";34;419;"34 - Beyoglu";"419 - KAMER HATUN  MH.";22487;NA
"550";34;419;"34 - Beyoglu";"419 - KALYONCU KULLUGU MH.";22486;NA
"551";34;419;"34 - Beyoglu";"419 - YENISEHIR  MH.";51884;NA
"552";34;419;"34 - Beyoglu";"419 - KATIPMUSTAFA CELEBI MH.";22478;NA
"553";34;419;"34 - Beyoglu";"419 - BOSTAN  MH.";22482;NA
"554";34;419;"34 - Beyoglu";"419 - ASMALI MESCIT  MH.";22474;NA
"555";34;436;"34 - Esenyurt";"436 - KOZA MH.";62521;NA
"556";34;436;"34 - Esenyurt";"436 - YESILKENT MH.";51670;NA
"557";34;436;"34 - Esenyurt";"436 - ZAFER MH.";62513;NA
"558";34;436;"34 - Esenyurt";"436 - PIRI REIS MH.";62507;NA
"559";34;436;"34 - Esenyurt";"436 - GOKEVLER MH.";62509;NA
"560";34;436;"34 - Esenyurt";"436 - AKEVLER MH.";62501;NA
"561";34;436;"34 - Esenyurt";"436 - SULTANIYE MH.";62516;NA
"562";34;436;"34 - Esenyurt";"436 - BAGLARCESME MH.";22894;NA
"563";34;422;"34 - Fatih";"422 - MIMAR KEMALETTIN MH.";22665;NA
"564";34;422;"34 - Fatih";"422 - MESIHPASA MH.";22664;NA
"565";34;422;"34 - Fatih";"422 - SARAC ISHAK MH.";22668;NA
"566";34;422;"34 - Fatih";"422 - MUHSINE HATUN MH.";22666;NA
"567";34;422;"34 - Fatih";"422 - BALABANAGA MH.";22669;NA
"568";34;422;"34 - Fatih";"422 - MIMAR HAYRETTIN MH.";22661;NA
"569";34;422;"34 - Fatih";"422 - NISANCA MH.";22667;NA
"570";34;422;"34 - Fatih";"422 - KEMALPASA MH.";22674;NA
"571";34;422;"34 - Fatih";"422 - KATIP KASIM MH.";22663;NA
"572";34;422;"34 - Fatih";"422 - ISKENDERPASA MH.";22581;NA
"573";34;422;"34 - Fatih";"422 - MOLLA GURANI MH.";22616;NA
"574";34;422;"34 - Fatih";"422 - MOLLA HUSREV MH.";22675;NA
"575";34;422;"34 - Fatih";"422 - AKSEMSETTIN MH.";22579;NA
"576";34;425;"34 - Kucukcekmece";"425 - BESYOL MH.";22718;NA
"577";34;425;"34 - Kucukcekmece";"425 - KUCUKCEKMECE IKITELLIOSB MH.";61228;NA
"578";34;425;"34 - Kucukcekmece";"425 - MEHMET AKIF MH.";22732;NA
"579";34;426;"34 - Sariyer";"426 - MASLAK MH.";22800;NA
"580";34;453;"34 - Sile";"453 - MESRUTIYET MH.";23344;NA
"581";34;427;"34 - Sisli";"427 - INONU MH.";22779;NA
"582";34;427;"34 - Sisli";"427 - ERGENEKON MH.";51664;NA
"583";34;427;"34 - Sisli";"427 - MECIDIYEKOY MH.";22794;NA
"584";34;427;"34 - Sisli";"427 - CUMHURIYET MH.";22786;NA
"585";34;445;"34 - Tuzla";"445 - AYDINLI-KOSB MH.";23149;NA
"586";34;443;"34 - Umraniye";"443 - DUDULLU OSB MH.";57601;NA
"587";34;428;"34 - Zeytinburnu";"428 - MALTEPE MH.";22801;NA
"588";34;428;"34 - Zeytinburnu";"428 - YENIDOGAN MH.";22808;NA
"589";34;428;"34 - Zeytinburnu";"428 - NURIPASA MH.";22810;NA
"590";34;428;"34 - Zeytinburnu";"428 - YESILTEPE MH.";22813;NA
"591";35;458;"35 - Bornova";"458 - YUNUS EMRE MH.";23531;NA
"592";35;458;"35 - Bornova";"458 - ISIKLAR MH.";23533;NA
"593";35;458;"35 - Bornova";"458 - ZAFER MH.";23541;NA
"594";35;458;"35 - Bornova";"458 - SERINTEPE MH.";23539;NA
"595";35;459;"35 - Buca";"459 - SEYHAN MH.";23579;NA
"596";35;475;"35 - Karabaglar";"475 - ASIK VEYSEL MH.";24146;NA
"597";35;466;"35 - Konak";"466 - TAN MH.";23837;NA
"598";35;466;"35 - Konak";"466 - FAIK PASA MH.";23803;NA
"599";35;466;"35 - Konak";"466 - YENI MH.";23816;NA
"600";35;466;"35 - Konak";"466 - MIRALI MH.";23808;NA
"601";35;466;"35 - Konak";"466 - ALI REIS MH.";23798;NA
"602";35;466;"35 - Konak";"466 - ETILER MH.";23819;NA
"603";35;466;"35 - Konak";"466 - SAKARYA MH.";23811;NA
"604";35;466;"35 - Konak";"466 - ALTAY MH.";23799;NA
"605";35;466;"35 - Konak";"466 - BOZKURT MH.";23831;NA
"606";35;466;"35 - Konak";"466 - PAZARYERI MH.";23810;NA
"607";35;466;"35 - Konak";"466 - ALTINORDU MH.";23800;NA
"608";35;466;"35 - Konak";"466 - UGUR MH.";23839;NA
"609";35;466;"35 - Konak";"466 - KUBILAY MH.";23806;NA
"610";35;466;"35 - Konak";"466 - SUVARI MH.";23813;NA
"611";35;466;"35 - Konak";"466 - YESILDERE MH.";23856;NA
"612";35;466;"35 - Konak";"466 - KOCAKAPI MH.";23805;NA
"613";35;466;"35 - Konak";"466 - AKARCALI MH.";23797;NA
"614";35;466;"35 - Konak";"466 - MURAT MH.";23782;NA
"615";35;466;"35 - Konak";"466 - KADIFEKALE MH.";23852;NA
"616";35;472;"35 - Torbali";"472 - 19 MAYIS MH.";53316;NA
"617";35;472;"35 - Torbali";"472 - KARSIYAKA MH.";24041;NA
"618";46;1072;"46 - Dulkadiroglu";"1072 - SIVRICEHUYUK MH.";55815;NA
"619";46;1072;"46 - Dulkadiroglu";"1072 - MENDERES MH.";32709;NA
"620";46;1072;"46 - Dulkadiroglu";"1072 - TURAN MH.";32644;NA
"621";46;1072;"46 - Dulkadiroglu";"1072 - SAKARYA MH.";32646;NA
"622";46;1072;"46 - Dulkadiroglu";"1072 - ISA DIVANLI MH.";32645;NA
"623";46;1072;"46 - Dulkadiroglu";"1072 - KURTULUS MH.";32642;NA
"624";46;1072;"46 - Dulkadiroglu";"1072 - EKMEKCI MH.";32643;NA
"625";46;1072;"46 - Dulkadiroglu";"1072 - FEVZI PASA MH.";32658;NA
"626";46;1072;"46 - Dulkadiroglu";"1072 - DURAKLI MH.";32660;NA
"627";46;1072;"46 - Dulkadiroglu";"1072 - DIVANLI MH.";55679;NA
"628";46;1072;"46 - Dulkadiroglu";"1072 - ISMET PASA MH.";32641;NA
"629";46;1072;"46 - Dulkadiroglu";"1072 - KAYABASI MH.";32659;NA
"630";46;1072;"46 - Dulkadiroglu";"1072 - SENEM AYSE MH.";32661;NA
"631";46;1072;"46 - Dulkadiroglu";"1072 - DULKADIROGLU MH.";32648;NA
"632";46;1072;"46 - Dulkadiroglu";"1072 - BAGLARBASI MH.";32651;NA
"633";46;1072;"46 - Dulkadiroglu";"1072 - GAZI PASA MH.";32656;NA
"634";46;1072;"46 - Dulkadiroglu";"1072 - YAVUZ SELIM MH.";32653;NA
"635";46;1072;"46 - Dulkadiroglu";"1072 - NAMIK KEMAL MH.";32650;NA
"636";46;1072;"46 - Dulkadiroglu";"1072 - SEYH ADIL MH.";32647;NA
"637";46;1071;"46 - Onikisubat";"1071 - YUSUFLAR MH.";32668;NA
"638";46;1071;"46 - Onikisubat";"1071 - AKCAKOYUNLU MH.";32685;NA
"639";46;1071;"46 - Onikisubat";"1071 - DUMLUPINAR MH.";32669;NA
"640";46;1071;"46 - Onikisubat";"1071 - SEHIT EVLIYA MH.";32683;NA
"641";46;1071;"46 - Onikisubat";"1071 - YURUKSELIM MH.";32681;NA
"642";46;1071;"46 - Onikisubat";"1071 - MAGRALI MH.";32682;NA
"643";46;1071;"46 - Onikisubat";"1071 - ERTUGRUL GAZI MH.";32671;NA
"644";46;1071;"46 - Onikisubat";"1071 - SERINTEPE MH.";32686;NA
"645";46;1071;"46 - Onikisubat";"1071 - HACI BAYRAM VELI MH.";32675;NA
"646";46;1071;"46 - Onikisubat";"1071 - HAYRULLAH MH.";32667;NA
"647";46;1071;"46 - Onikisubat";"1071 - BARBAROS MH.";32678;NA
"648";46;1071;"46 - Onikisubat";"1071 - KARACAOGLAN MH.";32672;NA
"649";46;1071;"46 - Onikisubat";"1071 - MALIK EJDER MH.";32679;NA
"650";78;934;"78 - Karabuk Merkez";"934 - KILAVUZLAR MH.";66849;NA
"651";78;934;"78 - Karabuk Merkez";"934 - 100.YIL MH.";50044;NA
"652";78;934;"78 - Karabuk Merkez";"934 - HURRIYET MH.";50052;NA
"653";78;934;"78 - Karabuk Merkez";"934 - BAYIR MH.";50051;NA
"654";78;938;"78 - Safranbolu";"938 - KARIT KOYU";50303;"KARIT MÜCAVİR MEVKİİ"
"655";78;938;"78 - Safranbolu";"938 - BOSTANBUKU KOYU";50364;"KARŞIYAKA MEVKİİ"
"656";78;938;"78 - Safranbolu";"938 - BOSTANBUKU KOYU";50364;"MERKEZ MEVKİİ"
"657";37;502;"37 - Devrekani";"502 - BINGILDAYIK KOYU";25868;"ORUÇ MEVKİİ"
"658";37;502;"37 - Devrekani";"502 - TEKKEKIZILLAR KOYU";25904;"KURMALAR MEVKİİ"
"659";37;502;"37 - Devrekani";"502 - BOZKOCA KOYU";25870;"ÇAKALLAR MEVKİİ"
"660";37;493;"37 - Kastamonu Merkez";"493 - TOPCUOGLU MH.";25203;NA
"661";37;493;"37 - Kastamonu Merkez";"493 - CEBRAIL MH.";25210;NA
"662";37;493;"37 - Kastamonu Merkez";"493 - ISLAM KOYU";25371;"SOFRANLAR MEZRASI"
"663";37;493;"37 - Kastamonu Merkez";"493 - ORENCIK KOYU";25291;"İZBELİ MEZRASI"
"664";38;513;"38 - Kocasinan";"513 - SAHABIYE MH.";26428;NA
"665";38;513;"38 - Kocasinan";"513 - HASAN ARPA MH.";26479;NA
"666";38;513;"38 - Kocasinan";"513 - ARGINCIK MH.";67035;NA
"667";38;513;"38 - Kocasinan";"513 - FEVZI CAKMAK MH.";26432;NA
"668";38;513;"38 - Kocasinan";"513 - UGUREVLER MH.";26434;NA
"669";38;513;"38 - Kocasinan";"513 - HACI SAKI MH.";26426;NA
"670";38;513;"38 - Kocasinan";"513 - YAZIR MH.";26481;NA
"671";38;514;"38 - Melikgazi";"514 - DANISMENTGAZI MH.";26566;NA
"672";38;514;"38 - Melikgazi";"514 - OSMANLI MH.";26576;NA
"673";38;514;"38 - Melikgazi";"514 - CUMHURIYET MH.";26644;NA
"674";38;514;"38 - Melikgazi";"514 - SELCUKLU MH.";26577;NA
"675";38;514;"38 - Melikgazi";"514 - AYDINLIKEVLER MH.";26562;NA
"676";38;514;"38 - Melikgazi";"514 - GULUK MH.";26569;NA
"677";38;514;"38 - Melikgazi";"514 - KILICASLAN MH.";26552;NA
"678";39;533;"39 - Luleburgaz";"533 - SARIMSAKLI MH.";63828;NA
"679";40;538;"40 - Akcakent";"538 - YETIKLI KOYU";27612;"GÜNEŞLİ MEVKİİ"
"680";40;537;"40 - Kirsehir Merkez";"537 - SEYREKKOY KOYU";27577;NA
"681";40;543;"40 - Mucur";"543 - KARACALI KOYU";27796;NA
"682";79;941;"79 - Elbeyli";"941 - BESIRIYE KOYU";50530;NA
"683";79;941;"79 - Elbeyli";"941 - YAGIZKOY KOYU";50547;"AYNAFAR MEZRASI"
"684";79;941;"79 - Elbeyli";"941 - MERCANLI KOYU";50542;NA
"685";79;941;"79 - Elbeyli";"941 - YAGIZKOY KOYU";50547;"DELHEMİ MEZRASI"
"686";79;941;"79 - Elbeyli";"941 - INONU MH.";59724;NA
"687";79;941;"79 - Elbeyli";"941 - TASLIBAKAR KOYU";50544;NA
"688";79;941;"79 - Elbeyli";"941 - YALCIN NANE MH.";59726;NA
"689";79;941;"79 - Elbeyli";"941 - HAVUZLUCAM KOYU";50537;NA
"690";79;941;"79 - Elbeyli";"941 - AGYUZ MH.";63724;NA
"691";79;940;"79 - Kilis Merkez";"940 - BUYUKKUTAH MH.";50428;NA
"692";79;940;"79 - Kilis Merkez";"940 - TEKYE MH.";50481;NA
"693";79;940;"79 - Kilis Merkez";"940 - NURETTIN MH.";50467;NA
"694";79;940;"79 - Kilis Merkez";"940 - KETENCILER MH.";50454;NA
"695";79;940;"79 - Kilis Merkez";"940 - CANPOLAT PASA MH.";50429;NA
"696";79;940;"79 - Kilis Merkez";"940 - TIRIKLI MH.";50482;NA
"697";79;940;"79 - Kilis Merkez";"940 - ALTINUZUM MH.";50421;NA
"698";79;940;"79 - Kilis Merkez";"940 - YEDI ARALIK MH.";50485;NA
"699";79;940;"79 - Kilis Merkez";"940 - SIHLAR MH.";59173;NA
"700";79;940;"79 - Kilis Merkez";"940 - DEVECILER MH.";50433;NA
"701";79;940;"79 - Kilis Merkez";"940 - INNAPLI KUTAH MH.";50446;NA
"702";79;940;"79 - Kilis Merkez";"940 - SEHITLER MH.";50474;NA
"703";79;940;"79 - Kilis Merkez";"940 - ISLAMBEY MH.";50447;NA
"704";79;940;"79 - Kilis Merkez";"940 - YENI MH.";50486;NA
"705";79;940;"79 - Kilis Merkez";"940 - HINDIOGLU MH.";50444;NA
"706";79;940;"79 - Kilis Merkez";"940 - TABAKHANE MH.";50480;NA
"707";79;940;"79 - Kilis Merkez";"940 - MESETLIK MH.";50457;NA
"708";79;940;"79 - Kilis Merkez";"940 - ASLAN MH.";50422;NA
"709";79;940;"79 - Kilis Merkez";"940 - SIH ABDULLAH MH.";50475;NA
"710";79;940;"79 - Kilis Merkez";"940 - CUMHURIYET MH.";50430;NA
"711";79;940;"79 - Kilis Merkez";"940 - YAVUZ SULTAN SELIM MH.";50484;NA
"712";79;940;"79 - Kilis Merkez";"940 - HAKVERDI MH.";50441;NA
"713";79;940;"79 - Kilis Merkez";"940 - MIHALI MH.";58722;NA
"714";79;940;"79 - Kilis Merkez";"940 - SEHIT SAKIP MH.";50473;NA
"715";79;940;"79 - Kilis Merkez";"940 - ZEYTINLI MH.";50487;NA
"716";79;940;"79 - Kilis Merkez";"940 - OSMAN GAZI MH.";50469;NA
"717";79;940;"79 - Kilis Merkez";"940 - ABDIOYMAGI MH.";50418;NA
"718";79;940;"79 - Kilis Merkez";"940 - NACAROGLU MH.";50463;NA
"719";79;940;"79 - Kilis Merkez";"940 - HASAN KAMIL DEMIRBAS MH.";50442;NA
"720";79;940;"79 - Kilis Merkez";"940 - MERCIDABIK MH.";50456;NA
"721";79;940;"79 - Kilis Merkez";"940 - HACI GUMUS MH.";50439;NA
"722";79;940;"79 - Kilis Merkez";"940 - BOLUK MH.";50427;NA
"723";79;940;"79 - Kilis Merkez";"940 - HURRIYET MH.";50445;NA
"724";79;940;"79 - Kilis Merkez";"940 - CAYLAK MH.";50431;NA
"725";79;940;"79 - Kilis Merkez";"940 - ASIT MH.";50423;NA
"726";79;940;"79 - Kilis Merkez";"940 - HACI ILYAS MH.";50440;NA
"727";79;940;"79 - Kilis Merkez";"940 - NAMIK KEMAL MH.";50464;NA
"728";79;940;"79 - Kilis Merkez";"940 - SARAC MEHMET CAVUS MH.";50472;NA
"729";79;940;"79 - Kilis Merkez";"940 - NEDIM OKMEN MH.";50466;NA
"730";79;940;"79 - Kilis Merkez";"940 - SIH AHMET MH.";50476;NA
"731";79;940;"79 - Kilis Merkez";"940 - MULLAHAMIT MH.";58721;NA
"732";79;940;"79 - Kilis Merkez";"940 - POLAT PASA MH.";50471;NA
"733";79;940;"79 - Kilis Merkez";"940 - OKCULAR MH.";50468;NA
"734";79;940;"79 - Kilis Merkez";"940 - KARAALI MH.";50451;NA
"735";79;940;"79 - Kilis Merkez";"940 - MUSLUMANBEY MH.";50462;NA
"736";79;940;"79 - Kilis Merkez";"940 - AKPINAR MH.";50419;NA
"737";79;940;"79 - Kilis Merkez";"940 - KARTALBEY MH.";50452;NA
"738";79;940;"79 - Kilis Merkez";"940 - ISMET PASA MH.";50448;NA
"739";79;940;"79 - Kilis Merkez";"940 - VAIZ MH.";50483;NA
"740";79;940;"79 - Kilis Merkez";"940 - EKREM CETIN MH.";50436;NA
"741";79;940;"79 - Kilis Merkez";"940 - KAZIM KARABEKIR MH.";50453;NA
"742";79;940;"79 - Kilis Merkez";"940 - GAZILER MH.";50438;NA
"743";79;940;"79 - Kilis Merkez";"940 - YASAR AKTURK MH.";58720;NA
"744";79;940;"79 - Kilis Merkez";"940 - DURUCA KOYU";50506;"AKDİLEK MEZRASI"
"745";79;940;"79 - Kilis Merkez";"940 - NAMIK UNLER PASA MH.";50465;NA
"746";79;940;"79 - Kilis Merkez";"940 - DEMIRCILER MH.";50432;NA
"747";79;940;"79 - Kilis Merkez";"940 - BARIS MH.";50490;NA
"748";79;940;"79 - Kilis Merkez";"940 - KANUNI SULTAN SULEYMAN MH.";50450;NA
"749";79;940;"79 - Kilis Merkez";"940 - ATATURK MH.";50424;NA
"750";79;940;"79 - Kilis Merkez";"940 - SIH MEHMET MH.";50478;NA
"751";79;940;"79 - Kilis Merkez";"940 - SORHABIL MH.";50479;NA
"752";79;940;"79 - Kilis Merkez";"940 - FATIH SULTAN MEHMET MH.";50437;NA
"753";79;940;"79 - Kilis Merkez";"940 - MUALLIM RIFAT BILGE MH.";50459;NA
"754";79;940;"79 - Kilis Merkez";"940 - EBULULE MH.";50435;NA
"755";79;940;"79 - Kilis Merkez";"940 - BILALI HABES MH.";50426;NA
"756";79;940;"79 - Kilis Merkez";"940 - DOGAN GURES PASA MH.";50434;NA
"757";79;940;"79 - Kilis Merkez";"940 - ONCU PINAR MH.";50470;NA
"758";79;940;"79 - Kilis Merkez";"940 - MUCAHITLER MH.";50461;NA
"759";79;940;"79 - Kilis Merkez";"940 - OYLUM MH.";50517;NA
"760";79;940;"79 - Kilis Merkez";"940 - AKCABAGLAR KOYU";50492;NA
"761";79;940;"79 - Kilis Merkez";"940 - ALBAY IBRAHIM KARAOGLANOGLU MH.";50420;NA
"762";42;572;"42 - Eregli ";"572 - SELCUKLU MH.";29428;NA
"763";42;578;"42 - Kadinhani";"578 - KUCUKKUYU MH.";29688;NA
"764";42;579;"42 - Karapinar";"579 - SELIMIYE MH.";28781;NA
"765";42;556;"42 - Karatay";"556 - SEMSITEBRIZI MH.";28636;NA
"766";42;556;"42 - Karatay";"556 - AZIZIYE MH.";28624;NA
"767";42;556;"42 - Karatay";"556 - SULTAN MESUD MH.";66891;NA
"768";42;556;"42 - Karatay";"556 - AKCESME MH.";28597;NA
"769";42;556;"42 - Karatay";"556 - NAKIPOGLU MH.";28635;NA
"770";42;557;"42 - Meram";"557 - SAHIBATA MH.";28753;NA
"771";42;557;"42 - Meram";"557 - CAYBASI MH.";28750;NA
"772";42;557;"42 - Meram";"557 - PIREBI MH.";28779;NA
"773";42;557;"42 - Meram";"557 - UZUNHARMANLAR MH.";28815;NA
"774";42;557;"42 - Meram";"557 - AYDOGDU MH.";67069;NA
"775";42;558;"42 - Selcuklu";"558 - BUYUKKAYACIKOSB MH.";28900;NA
"776";42;558;"42 - Selcuklu";"558 - IHSANIYE MH.";59905;NA
"777";42;558;"42 - Selcuklu";"558 - DOKUZ MH.";57580;NA
"778";42;558;"42 - Selcuklu";"558 - FERHUNIYE MH.";28895;NA
"779";42;558;"42 - Selcuklu";"558 - HOROZLUHANOSB MH.";28903;NA
"780";43;587;"43 - Kutahya Merkez";"587 - KIRAZPINAR MH.";30032;NA
"781";43;587;"43 - Kutahya Merkez";"587 - SARAY MH.";30017;NA
"782";44;605;"44 - Battalgazi";"605 - YENIHAMAM MH.";30802;NA
"783";44;605;"44 - Battalgazi";"605 - DABAKHANE MH.";30800;NA
"784";44;605;"44 - Battalgazi";"605 - AKPINAR MH.";31318;NA
"785";44;605;"44 - Battalgazi";"605 - KAVAKLIBAG MH.";55617;NA
"786";44;605;"44 - Battalgazi";"605 - BEYLERBASI MH.";30775;NA
"787";44;605;"44 - Battalgazi";"605 - SARAY MH.";30813;NA
"788";44;605;"44 - Battalgazi";"605 - IZZETIYE MH.";30806;NA
"789";44;605;"44 - Battalgazi";"605 - TASTEPE MH.";30776;NA
"790";44;605;"44 - Battalgazi";"605 - HALFETTIN MH.";30801;NA
"791";44;605;"44 - Battalgazi";"605 - FERHADIYE MH.";30808;NA
"792";44;605;"44 - Battalgazi";"605 - ISMETIYE MH.";30799;NA
"793";44;605;"44 - Battalgazi";"605 - ISTIKLAL MH.";30809;NA
"794";44;605;"44 - Battalgazi";"605 - HAMIDIYE MH.";30807;NA
"795";44;605;"44 - Battalgazi";"605 - SEHITFEVZI MH.";55602;NA
"796";44;614;"44 - Yesilyurt ";"614 - FATIH MH.";60721;NA
"797";45;629;"45 - Soma";"629 - TURKPIYALA MH.";32576;NA
"798";47;1073;"47 - Artuklu";"1073 - KARADEMIR MH.";33332;NA
"799";47;1073;"47 - Artuklu";"1073 - SEHIDIYE MH.";33316;NA
"800";47;1073;"47 - Artuklu";"1073 - DIBEKTAS MH.";33371;NA
"801";47;1073;"47 - Artuklu";"1073 - ULUCAMI MH.";33319;NA
"802";47;1073;"47 - Artuklu";"1073 - TEKER MH.";33317;NA
"803";47;1073;"47 - Artuklu";"1073 - LATIFIYE MH.";33324;NA
"804";47;1073;"47 - Artuklu";"1073 - TOZAN MH.";33361;NA
"805";47;1073;"47 - Artuklu";"1073 - NECMETTIN MH.";33327;NA
"806";47;1073;"47 - Artuklu";"1073 - SAVURKAPI MH.";33312;NA
"807";47;1073;"47 - Artuklu";"1073 - DIYARBAKIR KAPI MH.";33325;NA
"808";47;1073;"47 - Artuklu";"1073 - ALAKUS MH.";56126;NA
"809";47;1073;"47 - Artuklu";"1073 - EMINETTIN MH.";33326;NA
"810";47;1073;"47 - Artuklu";"1073 - YENIKAPI MH.";33328;NA
"811";47;1073;"47 - Artuklu";"1073 - ENSAR MH.";33313;NA
"812";47;1073;"47 - Artuklu";"1073 - YENICE MH.";33347;NA
"813";47;643;"47 - Derik";"643 - KUYULU MH.";33521;NA
"814";47;643;"47 - Derik";"643 - DOGANCI MH.";33507;NA
"815";47;643;"47 - Derik";"643 - KOSEVELI MH.";33519;NA
"816";47;643;"47 - Derik";"643 - ORTACA MH.";33525;NA
"817";47;643;"47 - Derik";"643 - BASARAN MH.";33499;NA
"818";47;643;"47 - Derik";"643 - KANATLI MH.";33512;NA
"819";47;644;"47 - Kiziltepe";"644 - ULKER MH.";33610;NA
"820";47;644;"47 - Kiziltepe";"644 - GUNGOREN MH.";33583;NA
"821";47;644;"47 - Kiziltepe";"644 - KIRKKUYU MH.";33597;NA
"822";47;644;"47 - Kiziltepe";"644 - DORA MH.";57607;NA
"823";47;644;"47 - Kiziltepe";"644 - DEMIRCI MH.";33923;NA
"824";47;644;"47 - Kiziltepe";"644 - YAYIKLI MH.";33614;NA
"825";47;644;"47 - Kiziltepe";"644 - TIRASLI MH.";56874;NA
"826";47;644;"47 - Kiziltepe";"644 - GOZLUCE MH.";33651;NA
"827";47;644;"47 - Kiziltepe";"644 - YESILKOY MH.";33615;NA
"828";47;644;"47 - Kiziltepe";"644 - TATLICA MH.";33606;NA
"829";47;644;"47 - Kiziltepe";"644 - ESENLI MH.";33643;NA
"830";47;644;"47 - Kiziltepe";"644 - YONCALI MH.";33619;NA
"831";47;644;"47 - Kiziltepe";"644 - SEVIMLI MH.";33623;NA
"832";47;644;"47 - Kiziltepe";"644 - YUMRUTAS MH.";33554;NA
"833";47;644;"47 - Kiziltepe";"644 - BELLI MH.";33562;NA
"834";47;644;"47 - Kiziltepe";"644 - CITLIBAG MH.";33686;NA
"835";47;644;"47 - Kiziltepe";"644 - KATARLI MH.";33593;NA
"836";47;644;"47 - Kiziltepe";"644 - HACIYUSUF MH.";33653;NA
"837";47;644;"47 - Kiziltepe";"644 - CAMLICA MH.";55462;NA
"838";47;644;"47 - Kiziltepe";"644 - ULASLI MH.";33609;NA
"839";47;644;"47 - Kiziltepe";"644 - ATAKOY MH.";33680;NA
"840";47;644;"47 - Kiziltepe";"644 - TANRIVERDI MH.";33539;NA
"841";47;644;"47 - Kiziltepe";"644 - TIMURCIFTLIGI MH.";56879;NA
"842";47;644;"47 - Kiziltepe";"644 - ALTINTOPRAK MH.";33677;NA
"843";47;644;"47 - Kiziltepe";"644 - KALAYCIK MH.";33662;NA
"844";47;644;"47 - Kiziltepe";"644 - BUYUKAYRIK MH.";33564;NA
"845";47;644;"47 - Kiziltepe";"644 - YURTOZU MH.";33617;NA
"846";47;644;"47 - Kiziltepe";"644 - ISIKOREN MH.";33659;NA
"847";47;644;"47 - Kiziltepe";"644 - TARLABASI MH.";33542;NA
"848";47;644;"47 - Kiziltepe";"644 - AKKOC MH.";33669;NA
"849";47;644;"47 - Kiziltepe";"644 - YUMURCAK MH.";33616;NA
"850";47;644;"47 - Kiziltepe";"644 - IKIZLER MH.";33588;NA
"851";47;644;"47 - Kiziltepe";"644 - ORTAKOY MH.";54297;NA
"852";47;644;"47 - Kiziltepe";"644 - CANTASI MH.";33567;NA
"853";47;1033;"47 - Midyat";"1033 - ISIKLAR MH.";33771;NA
"854";47;647;"47 - Nusaybin";"647 - PAZAR MH.";54407;NA
"855";47;647;"47 - Nusaybin";"647 - AKCATARLA MH.";33855;NA
"856";47;647;"47 - Nusaybin";"647 - DIRIM MH.";33896;NA
"857";33;403;"33 - Akdeniz";"403 - ADANALIOGLU LIMONLU MH.";21631;NA
"858";33;403;"33 - Akdeniz";"403 - SITELER MH.";21595;NA
"859";33;403;"33 - Akdeniz";"403 - KULTUR MH.";21587;NA
"860";33;403;"33 - Akdeniz";"403 - CAMI SERIF MH.";21599;NA
"861";33;403;"33 - Akdeniz";"403 - CUMHURIYET MH.";62695;NA
"862";33;403;"33 - Akdeniz";"403 - CANKAYA MH.";21601;NA
"863";33;403;"33 - Akdeniz";"403 - MESUDIYE MH.";21600;NA
"864";33;403;"33 - Akdeniz";"403 - ABDULLAH SAHUTOGLU MH.";58397;NA
"865";33;403;"33 - Akdeniz";"403 - HAMIDIYE MH.";21586;NA
"866";33;403;"33 - Akdeniz";"403 - KIREMITHANE MH.";21588;NA
"867";33;403;"33 - Akdeniz";"403 - UCOCAK MH.";21598;NA
"868";33;403;"33 - Akdeniz";"403 - HURRIYET MH.";62696;NA
"869";33;403;"33 - Akdeniz";"403 - MAHMUDIYE MH.";21603;NA
"870";33;403;"33 - Akdeniz";"403 - BARIS MH.";21584;NA
"871";33;403;"33 - Akdeniz";"403 - KAZANLI MH.";21617;NA
"872";33;403;"33 - Akdeniz";"403 - HAL MH.";21606;NA
"873";33;403;"33 - Akdeniz";"403 - AKDENIZ MH.";21630;NA
"874";33;403;"33 - Akdeniz";"403 - TURGUTREIS MH.";21589;NA
"875";33;403;"33 - Akdeniz";"403 - YENI MH.";21597;NA
"876";33;403;"33 - Akdeniz";"403 - MUFIDE ILHAN MH.";21608;NA
"877";33;403;"33 - Akdeniz";"403 - BAHCE MH.";21585;NA
"878";33;403;"33 - Akdeniz";"403 - OZGURLUK MH.";21605;NA
"879";33;403;"33 - Akdeniz";"403 - MITHATPASA MH.";21592;NA
"880";33;403;"33 - Akdeniz";"403 - GUNDOGDU MH.";21593;NA
"881";33;403;"33 - Akdeniz";"403 - NUSRATIYE MH.";21596;NA
"882";33;403;"33 - Akdeniz";"403 - YESILCIMEN MH.";62693;NA
"883";33;403;"33 - Akdeniz";"403 - CAY MH.";21604;NA
"884";33;411;"33 - Erdemli";"411 - KIZKALESI MH.";51933;NA
"885";33;1037;"33 - Gulnar";"1037 - YANISLI MH.";22038;NA
"886";33;406;"33 - Mezitli";"406 - ISTIKLAL MH.";53357;NA
"887";33;406;"33 - Mezitli";"406 - FATIH MH.";21746;NA
"888";33;406;"33 - Mezitli";"406 - SEYMENLI MH.";56625;NA
"889";33;406;"33 - Mezitli";"406 - VIRANSEHIR MH.";21744;NA
"890";33;406;"33 - Mezitli";"406 - YENI MH.";21747;NA
"891";33;414;"33 - Silifke";"414 - SAY MH.";22165;NA
"892";33;414;"33 - Silifke";"414 - SOKUN MH.";22241;NA
"893";33;414;"33 - Silifke";"414 - TOSMURLU OSB MH.";22230;NA
"894";33;414;"33 - Silifke";"414 - KURTULUS MH.";22240;NA
"895";33;414;"33 - Silifke";"414 - PAZARKASI MH.";22167;NA
"896";33;415;"33 - Tarsus";"415 - KONAKLAR MH.";22408;NA
"897";33;415;"33 - Tarsus";"415 - CATALCA MH.";55502;NA
"898";33;415;"33 - Tarsus";"415 - YUNUS EMRE MH.";22295;NA
"899";33;415;"33 - Tarsus";"415 - EGEMEN MH.";55537;NA
"900";33;415;"33 - Tarsus";"415 - KULAK MH.";53956;NA
"901";33;415;"33 - Tarsus";"415 - BAHSIS MH.";60251;NA
"902";33;415;"33 - Tarsus";"415 - YESILTEPE MH.";60079;NA
"903";33;415;"33 - Tarsus";"415 - COPLU MH.";22364;NA
"904";33;415;"33 - Tarsus";"415 - KELAHMET MH.";58848;NA
"905";33;415;"33 - Tarsus";"415 - BARBAROS MH.";22291;NA
"906";33;415;"33 - Tarsus";"415 - KARGILI MH.";22406;NA
"907";33;415;"33 - Tarsus";"415 - AKARSU MH.";22367;NA
"908";33;415;"33 - Tarsus";"415 - BAHARLI MH.";54768;NA
"909";33;415;"33 - Tarsus";"415 - SEHITKERIM MH.";22286;NA
"910";33;415;"33 - Tarsus";"415 - GIRNE MH.";22292;NA
"911";33;415;"33 - Tarsus";"415 - BAHCE MH.";22290;NA
"912";33;405;"33 - Toroslar";"405 - TURUNCLU MH.";21683;NA
"913";33;405;"33 - Toroslar";"405 - ALSANCAK MH.";21680;NA
"914";33;405;"33 - Toroslar";"405 - DEMIRTAS MH.";21681;NA
"915";48;655;"48 - Fethiye";"655 - OLUDENIZ MH.";60319;NA
"916";48;1063;"48 - Seydikemer";"1063 - KUMLUOVA MH.";60310;NA
"917";49;663;"49 - Mus Merkez";"663 - ASAGISIZMA KOYU";55967;" MEVKİİ"
"918";50;672;"50 - Derinkuyu";"672 - BAS MH.";35240;NA
"919";50;672;"50 - Derinkuyu";"672 - BAYRAMLI MH.";35239;NA
"920";50;672;"50 - Derinkuyu";"672 - CUMHURIYET MH.";35237;NA
"921";50;672;"50 - Derinkuyu";"672 - FATIH MH.";66357;NA
"922";50;669;"50 - Nevsehir Merkez";"669 - YENI MH.";35403;NA
"923";50;669;"50 - Nevsehir Merkez";"669 - KAPUCUBASI MH.";55681;NA
"924";50;669;"50 - Nevsehir Merkez";"669 - KARASOKU MH.";35132;NA
"925";50;669;"50 - Nevsehir Merkez";"669 - CAMICEDIT MH.";35229;NA
"926";50;669;"50 - Nevsehir Merkez";"669 - IBRAHIMPASA MH.";35128;NA
"927";50;669;"50 - Nevsehir Merkez";"669 - HACIRUSTU MH.";55604;NA
"928";50;669;"50 - Nevsehir Merkez";"669 - HERIKLI MH.";35133;NA
"929";50;669;"50 - Nevsehir Merkez";"669 - RASITBEY MH.";35141;NA
"930";50;669;"50 - Nevsehir Merkez";"669 - 350 EVLER MH.";35144;NA
"931";50;676;"50 - Urgup";"676 - BASDERE KOYU";35405;"SULTANIM MEVKİİ"
"932";50;676;"50 - Urgup";"676 - BASDERE KOYU";35405;"EYÜPLÜ MEVKİİ"
"933";51;679;"51 - Bor";"679 - ORGANIZE SANAYI BOLGESI MH.";54273;NA
"934";51;679;"51 - Bor";"679 - ORTA MH.";35534;NA
"935";51;677;"51 - Nigde Merkez";"677 - ALAADDIN MH.";35427;NA
"936";51;677;"51 - Nigde Merkez";"677 - AHIPASA MH.";35411;NA
"937";51;677;"51 - Nigde Merkez";"677 - SIRALI MH.";35415;NA
"938";51;677;"51 - Nigde Merkez";"677 - KALE MH.";35419;NA
"939";51;677;"51 - Nigde Merkez";"677 - BALHASAN MH.";35414;NA
"940";51;682;"51 - Ulukisla";"682 - HACIBEKIRLI KOYU";35645;NA
"941";51;682;"51 - Ulukisla";"682 - ALTAY KOYU";35637;"KÜME2 MEVKİİ"
"942";51;682;"51 - Ulukisla";"682 - PORSUK KOYU";35653;"KÜME1 MEVKİİ"
"943";80;946;"80 - Duzici";"946 - GOKCAYIR KOYU";66397;"ARPAÇUKURU MEVKİİ"
"944";80;948;"80 - Kadirli";"948 - KIREMITLI KOYU";50843;"HOCALAR MEVKİİ"
"945";80;948;"80 - Kadirli";"948 - TOPRAKTEPE KOYU";67217;"TIBILILAR MEVKİİ"
"946";80;948;"80 - Kadirli";"948 - SAVRUN MH.";50810;NA
"947";80;944;"80 - Osmaniye Merkez";"944 - CEVDETIYE BELDESI";67222;"YEŞİLTEPE MH."
"948";80;944;"80 - Osmaniye Merkez";"944 - DERVISLI KOYU";66423;"İBİŞ AĞALAR E-24 KARAYOLU ÜZERİ MEVKİİ"
"949";80;944;"80 - Osmaniye Merkez";"944 - CUMHURIYET MH.";50648;NA
"950";80;944;"80 - Osmaniye Merkez";"944 - ISTIKLAL MH.";50645;NA
"951";53;705;"53 - Cayeli";"705 - ABDULLAHHOCA KOYU";36504;"OKUMUŞ ÇAY MEVKİİ"
"952";54;714;"54 - Adapazari";"714 - TIGCILAR MH.";36804;NA
"953";54;727;"54 - Sapanca";"727 - ILMIYE MH.";37356;NA
"954";54;727;"54 - Sapanca";"727 - KURTKOY DIBEKTAS MH.";57535;NA
"955";55;730;"55 - Atakum";"730 - DENIZEVLERI  MH.";37422;NA
"956";55;732;"55 - Canik";"732 - SOGUKSU MH.";37548;NA
"957";55;731;"55 - Ilkadim";"731 - 19 MAYIS  MH.";37515;NA
"958";55;731;"55 - Ilkadim";"731 - HURRIYET MH.";37516;NA
"959";55;731;"55 - Ilkadim";"731 - ZAFER  MH.";37522;NA
"960";57;755;"57 - Ayancik";"755 - UNLUCE KOYU";39120;"YALI MEVKİİ"
"961";57;756;"57 - Boyabat";"756 - OSMANKOY KOYU";39239;"OSMANKÖY KÜMEEVLER MÜCAVİR MEVKİİ"
"962";58;763;"58 - Sivas Merkez";"763 - AHMETTURANGAZI OSB MH.";59180;NA
"963";58;776;"58 - Sarkisla";"776 - ALIKOREN KOYU";40578;NA
"964";58;777;"58 - Ulas";"777 - DEMIRCILIK KOYU";40682;"AŞAĞI DEMİRCİLİK MEZRASI"
"965";58;779;"58 - Zara";"779 - AVSAR KOYU";40901;"BUĞDAYLI (ŞAHİN ÇAVUŞLAR) MEZRASI"
"966";58;779;"58 - Zara";"779 - ASAGICAMURCU KOYU";40954;"GİLGİL MEZRASI"
"967";63;828;"63 - Akcakale";"828 - IKIZCE MH.";43940;NA
"968";63;828;"63 - Akcakale";"828 - SANLI MH.";43977;NA
"969";63;828;"63 - Akcakale";"828 - ADNAN MENDERES MH.";62870;NA
"970";63;828;"63 - Akcakale";"828 - YAGMURALAN MH.";43984;NA
"971";63;828;"63 - Akcakale";"828 - TATLICA MH.";43971;NA
"972";63;828;"63 - Akcakale";"828 - GULVEREN MH.";43913;NA
"973";63;828;"63 - Akcakale";"828 - KIRMITLI MH.";43979;NA
"974";63;828;"63 - Akcakale";"828 - GUVENC MH.";43980;NA
"975";63;828;"63 - Akcakale";"828 - INCEDERE MH.";43997;NA
"976";63;828;"63 - Akcakale";"828 - YENISEHIR MH.";62859;NA
"977";63;828;"63 - Akcakale";"828 - YENI MH.";43904;NA
"978";63;828;"63 - Akcakale";"828 - CEYLANLI MH.";62862;NA
"979";63;828;"63 - Akcakale";"828 - FEVZI CAKMAK MH.";43903;NA
"980";63;828;"63 - Akcakale";"828 - GUNDAS MH.";43973;NA
"981";63;828;"63 - Akcakale";"828 - CAKIRLAR MH.";43993;NA
"982";63;828;"63 - Akcakale";"828 - EDEBEY MH.";57653;NA
"983";63;828;"63 - Akcakale";"828 - YALINLI MH.";57064;NA
"984";63;828;"63 - Akcakale";"828 - SAHINLER MH.";62869;NA
"985";63;828;"63 - Akcakale";"828 - SULEYMANSAH MH.";56705;NA
"986";63;828;"63 - Akcakale";"828 - BUKET MH.";43978;NA
"987";63;828;"63 - Akcakale";"828 - TURGUT OZAL MH.";56908;NA
"988";63;828;"63 - Akcakale";"828 - HURRIYET MH.";43905;NA
"989";63;828;"63 - Akcakale";"828 - ALATLAR MH.";43969;NA
"990";63;828;"63 - Akcakale";"828 - ATATURK MH.";43906;NA
"991";63;828;"63 - Akcakale";"828 - OKAYLAR MH.";66179;NA
"992";63;828;"63 - Akcakale";"828 - BUYUCEK MH.";43908;NA
"993";63;828;"63 - Akcakale";"828 - ASAGIDEREN MH.";43937;NA
"994";63;828;"63 - Akcakale";"828 - FATIH SULTAN MEHMET MH.";43907;NA
"995";63;828;"63 - Akcakale";"828 - ERECEK MH.";43996;NA
"996";63;828;"63 - Akcakale";"828 - AKCAKOY MH.";43924;NA
"997";63;828;"63 - Akcakale";"828 - BILECE MH.";43976;NA
"998";63;828;"63 - Akcakale";"828 - GUNEREN MH.";43936;NA
"999";63;828;"63 - Akcakale";"828 - SALIHLER MH.";56497;NA
"1000";63;828;"63 - Akcakale";"828 - KURUDERE MH.";43947;NA
"1001";63;828;"63 - Akcakale";"828 - ONCUL MH.";43911;NA
"1002";63;828;"63 - Akcakale";"828 - AYDINLI MH.";43988;NA
"1003";63;828;"63 - Akcakale";"828 - COKALAN MH.";68249;NA
"1004";63;828;"63 - Akcakale";"828 - YUKARI CUKURCA MH.";66437;NA
"1005";63;828;"63 - Akcakale";"828 - KOSEOREN MH.";43962;NA
"1006";63;828;"63 - Akcakale";"828 - ZORLU MH.";43939;NA
"1007";63;828;"63 - Akcakale";"828 - TOPCU MH.";43975;NA
"1008";63;829;"63 - Birecik";"829 - HOCA SERIF MH.";60785;NA
"1009";63;830;"63 - Bozova";"830 - KONUKSEVER MH.";44150;NA
"1010";63;830;"63 - Bozova";"830 - KINDIRALI MH.";44090;NA
"1011";63;830;"63 - Bozova";"830 - OZGOREN MH.";44155;NA
"1012";63;831;"63 - Ceylanpinar";"831 - MEVLANA MH.";44164;NA
"1013";63;831;"63 - Ceylanpinar";"831 - ASAGIDORUKLU MH.";44175;NA
"1014";63;831;"63 - Ceylanpinar";"831 - YUKARITASLIDERE MH.";44201;NA
"1015";63;831;"63 - Ceylanpinar";"831 - YENISEHIR MH.";44163;NA
"1016";63;831;"63 - Ceylanpinar";"831 - ULUCAMI MH.";44165;NA
"1017";63;831;"63 - Ceylanpinar";"831 - ADNAN MENDERES MH.";44170;NA
"1018";63;1056;"63 - Eyyubiye";"1056 - PINARBASI MH.";43453;NA
"1019";63;1056;"63 - Eyyubiye";"1056 - KARAKOYUNLU MH.";43429;NA
"1020";63;1056;"63 - Eyyubiye";"1056 - TURKMEYDANI MH.";43463;NA
"1021";63;1056;"63 - Eyyubiye";"1056 - EYUPKENT MH.";43434;NA
"1022";63;1056;"63 - Eyyubiye";"1056 - KURTULUS MH.";44002;NA
"1023";63;1056;"63 - Eyyubiye";"1056 - KADIOGLU MH.";43436;NA
"1024";63;1056;"63 - Eyyubiye";"1056 - YUSUFPASA MH.";43481;NA
"1025";63;1056;"63 - Eyyubiye";"1056 - BEYKAPUSU MH.";43435;NA
"1026";63;1056;"63 - Eyyubiye";"1056 - HAKIMDEDE MH.";43449;NA
"1027";63;1056;"63 - Eyyubiye";"1056 - AKCAMESCIT MH.";55637;NA
"1028";63;1056;"63 - Eyyubiye";"1056 - YENI MH.";43440;NA
"1029";63;1056;"63 - Eyyubiye";"1056 - CAMIKEBIR MH.";43437;NA
"1030";63;1056;"63 - Eyyubiye";"1056 - BICAKCI MH.";43438;NA
"1031";63;1056;"63 - Eyyubiye";"1056 - ASYA MH.";66577;NA
"1032";63;1056;"63 - Eyyubiye";"1056 - YAKUBIYE MH.";43442;NA
"1033";63;1056;"63 - Eyyubiye";"1056 - HAYATI HARRANI MH.";43464;NA
"1034";63;1056;"63 - Eyyubiye";"1056 - RUHA MH.";66947;NA
"1035";63;1056;"63 - Eyyubiye";"1056 - BAKISLAR MH.";43816;NA
"1036";63;1056;"63 - Eyyubiye";"1056 - KENDIRCI MH.";43452;NA
"1037";63;1056;"63 - Eyyubiye";"1056 - ZEYNEPKOY MH.";56011;NA
"1038";63;1056;"63 - Eyyubiye";"1056 - CALISKANLAR MH.";43675;NA
"1039";63;1056;"63 - Eyyubiye";"1056 - DIREKLI MH.";43415;NA
"1040";63;1056;"63 - Eyyubiye";"1056 - GUMUSKUSAK MH.";43454;NA
"1041";63;1056;"63 - Eyyubiye";"1056 - ACMALI MH.";43501;NA
"1042";63;1056;"63 - Eyyubiye";"1056 - HALEPLIBAHCE MH.";43461;NA
"1043";63;1056;"63 - Eyyubiye";"1056 - AKSEMSETTIN MH.";43414;NA
"1044";63;1056;"63 - Eyyubiye";"1056 - TEPE MH.";44256;NA
"1045";63;1056;"63 - Eyyubiye";"1056 - KUBACIK MH.";43811;NA
"1046";63;1056;"63 - Eyyubiye";"1056 - AKMESHET MH.";66576;NA
"1047";63;1056;"63 - Eyyubiye";"1056 - GOL MH.";55615;NA
"1048";63;1056;"63 - Eyyubiye";"1056 - AKABE MH.";43413;NA
"1049";63;832;"63 - Halfeti";"832 - KARAOTLAK MH.";44240;NA
"1050";63;1076;"63 - Haliliye";"1076 - ATATURK MH.";44827;NA
"1051";63;1076;"63 - Haliliye";"1076 - MIMAR SINAN MH.";43424;NA
"1052";63;1076;"63 - Haliliye";"1076 - BAHCELIEVLER MH.";43423;NA
"1053";63;1076;"63 - Haliliye";"1076 - SEHITLIK MH.";43432;NA
"1054";63;1076;"63 - Haliliye";"1076 - YESILYURT MH.";43790;NA
"1055";63;1076;"63 - Haliliye";"1076 - KAMBERIYE MH.";43406;NA
"1056";63;1076;"63 - Haliliye";"1076 - HIZMALI MH.";43428;NA
"1057";63;1076;"63 - Haliliye";"1076 - CENGIZ TOPEL MH.";43426;NA
"1058";63;1076;"63 - Haliliye";"1076 - ORTAOREN MH.";59038;NA
"1059";63;1076;"63 - Haliliye";"1076 - SAIR SEVKET MH.";43425;NA
"1060";63;1076;"63 - Haliliye";"1076 - NOKTA MH.";43791;NA
"1061";63;1076;"63 - Haliliye";"1076 - SULTAN FATIH MH.";43427;NA
"1062";63;1076;"63 - Haliliye";"1076 - BAGLARBASI MH.";43416;NA
"1063";63;1076;"63 - Haliliye";"1076 - PERSEMBE MH.";43839;NA
"1064";63;1076;"63 - Haliliye";"1076 - BAMYASUYU MH.";43430;NA
"1065";63;1076;"63 - Haliliye";"1076 - SAIR NABI MH.";43431;NA
"1066";63;1076;"63 - Haliliye";"1076 - KOSECIK MH.";43833;NA
"1067";63;1076;"63 - Haliliye";"1076 - SANCAKTAR MH.";43409;NA
"1068";63;1076;"63 - Haliliye";"1076 - DAGYANI MH.";43774;NA
"1069";63;1076;"63 - Haliliye";"1076 - SULEYMANIYE MH.";43420;NA
"1070";63;1076;"63 - Haliliye";"1076 - YAVUZ SELIM MH.";43418;NA
"1071";63;1076;"63 - Haliliye";"1076 - IPEKYOL MH.";43417;NA
"1072";63;1076;"63 - Haliliye";"1076 - DERINKUYU MH.";55974;NA
"1073";63;1076;"63 - Haliliye";"1076 - YENISEHIR MH.";43472;NA
"1074";63;1076;"63 - Haliliye";"1076 - ASRI MH.";55885;NA
"1075";63;833;"63 - Harran";"833 - KOKENLI MH.";44353;NA
"1076";63;833;"63 - Harran";"833 - TOYTEPE MH.";44316;NA
"1077";63;833;"63 - Harran";"833 - YAYVANDORUK MH.";44325;NA
"1078";63;833;"63 - Harran";"833 - SAIDE MH.";44304;NA
"1079";63;833;"63 - Harran";"833 - SOYLU MH.";56667;NA
"1080";63;833;"63 - Harran";"833 - SEYH HAYATI HARRANI MH.";60793;NA
"1081";63;833;"63 - Harran";"833 - HZ. YAKUP MH.";60786;NA
"1082";63;833;"63 - Harran";"833 - AVLAK MH.";44271;NA
"1083";63;833;"63 - Harran";"833 - CUMHURIYET MH.";59764;NA
"1084";63;833;"63 - Harran";"833 - BOZYAZI MH.";44330;NA
"1085";63;833;"63 - Harran";"833 - ZEYTINDALI MH.";66572;NA
"1086";63;833;"63 - Harran";"833 - BELLITAS MH.";44291;NA
"1087";63;833;"63 - Harran";"833 - ALACALI MH.";58569;NA
"1088";63;833;"63 - Harran";"833 - AYDINCIK MH.";44273;NA
"1089";63;833;"63 - Harran";"833 - KUCUKYILDIZ MH.";44298;NA
"1090";63;833;"63 - Harran";"833 - ARIN MH.";44269;NA
"1091";63;833;"63 - Harran";"833 - HAZRETI IMAMBAKIR MH.";60788;NA
"1092";63;833;"63 - Harran";"833 - MEYDANKAPI MH.";44355;NA
"1093";63;833;"63 - Harran";"833 - OZTAS MH.";44290;NA
"1094";63;833;"63 - Harran";"833 - CATALHURMA MH.";44336;NA
"1095";63;833;"63 - Harran";"833 - IBNI TEYMIYE MH.";60787;NA
"1096";63;833;"63 - Harran";"833 - SUKURALI MH.";44312;NA
"1097";63;833;"63 - Harran";"833 - CICEK MH.";44279;NA
"1098";63;833;"63 - Harran";"833 - KIRMITLI MH.";44352;NA
"1099";63;833;"63 - Harran";"833 - SULEYMAN DEMIREL MH.";60792;NA
"1100";63;833;"63 - Harran";"833 - KOYUNLUCA MH.";44288;NA
"1101";63;834;"63 - Hilvan";"834 - USTAHASAN MH.";44372;NA
"1102";63;1075;"63 - Karakopru";"1075 - BUYUKORDEK MH.";43594;NA
"1103";63;1075;"63 - Karakopru";"1075 - YIGINAK MH.";56014;NA
"1104";63;1075;"63 - Karakopru";"1075 - AKCAHISAR MH.";43599;NA
"1105";63;835;"63 - Siverek";"835 - KALEMLI MH.";44522;NA
"1106";63;835;"63 - Siverek";"835 - KES MH.";44505;NA
"1107";63;835;"63 - Siverek";"835 - AYRANCI MH.";44482;NA
"1108";63;836;"63 - Suruc";"836 - KUCUKSERGEN MH.";44746;NA
"1109";63;836;"63 - Suruc";"836 - OYMAKLI MH.";44757;NA
"1110";63;836;"63 - Suruc";"836 - DIKILI MH.";44594;NA
"1111";63;836;"63 - Suruc";"836 - TOPCULAR MH.";44779;NA
"1112";63;836;"63 - Suruc";"836 - HURRIYET MH.";44598;NA
"1113";63;836;"63 - Suruc";"836 - YILDIRIM MH.";44599;NA
"1114";63;836;"63 - Suruc";"836 - CUMHURIYET MH.";44596;NA
"1115";63;837;"63 - Viransehir";"837 - SEHIT MH.";66310;NA
"1116";63;837;"63 - Viransehir";"837 - SOZERI MH.";44884;NA
"1117";63;837;"63 - Viransehir";"837 - KOLAGASI MH.";44874;NA
"1118";63;837;"63 - Viransehir";"837 - OVUNCUK MH.";44877;NA
"1119";63;837;"63 - Viransehir";"837 - UGURLU MH.";44891;NA
"1120";63;837;"63 - Viransehir";"837 - GURPINAR MH.";44869;NA
"1121";63;837;"63 - Viransehir";"837 - CIFTCILER MH.";44856;NA
"1122";63;837;"63 - Viransehir";"837 - OGLAKCI MH.";44935;NA
"1123";63;837;"63 - Viransehir";"837 - ULAKLI MH.";44892;NA
"1124";63;837;"63 - Viransehir";"837 - YILDIZ MH.";44841;NA
"1125";63;837;"63 - Viransehir";"837 - KALE MH.";44831;NA
"1126";63;837;"63 - Viransehir";"837 - UCGUL MH.";44942;NA
"1127";63;837;"63 - Viransehir";"837 - YUCELER MH.";44843;NA
"1128";63;837;"63 - Viransehir";"837 - TEKKE MH.";44826;NA
"1129";63;837;"63 - Viransehir";"837 - BURC MH.";44898;NA
"1130";63;837;"63 - Viransehir";"837 - ESKIN MH.";44914;NA
"1131";63;837;"63 - Viransehir";"837 - KAVURGA MH.";44871;NA
"1132";63;837;"63 - Viransehir";"837 - GOKTEPE MH.";44865;NA
"1133";63;837;"63 - Viransehir";"837 - SARKPINAR MH.";44822;NA
"1134";63;837;"63 - Viransehir";"837 - AYAKLI MH.";44846;NA
"1135";61;1058;"61 - Ortahisar";"1058 - PAZARKAPI MH.";42213;NA
"1136";64;840;"64 - Esme";"840 - ISTASYON MH.";45120;NA
"1137";64;838;"64 - Usak Merkez";"838 - GOGEM KOYU";44991;"GÖL  MEVKİİ"
"1138";64;838;"64 - Usak Merkez";"838 - KOME MH.";55740;NA
"1139";64;838;"64 - Usak Merkez";"838 - KARMA OSB MH.";55733;NA
"1140";64;838;"64 - Usak Merkez";"838 - OZDEMIR MH.";44964;NA
"1141";77;932;"77 - Cinarcik";"932 - CAMLIK MH.";50022;NA
"1142";77;932;"77 - Cinarcik";"932 - TASLIMAN MH.";50019;NA
"1143";77;932;"77 - Cinarcik";"932 - HARMANLAR MH.";50020;NA
"1144";77;928;"77 - Yalova Merkez";"928 - SUGOREN KOYU";67616;"SUGÖREN MÜCAVİR MEVKİİ"
"1145";77;928;"77 - Yalova Merkez";"928 - BAHCELIEVLER MH.";49945;NA
"1146";77;928;"77 - Yalova Merkez";"928 - ADNAN MENDERES MH.";52010;NA
"1147";77;928;"77 - Yalova Merkez";"928 - KAZIM KARABEKIR MH.";51445;NA
"1148";66;869;"66 - Yerkoy";"869 - ARSLANHACILI KOYU";46888;"YAYLAEVLERİ YAYLA EVLERİ"
"1149";66;869;"66 - Yerkoy";"869 - SALIHLI KOYU";46902;NA
"1150";66;856;"66 - Yozgat Merkez";"856 - DAYILI KOYU";46275;"ARAPLIÇİFTLİĞİ MEVKİİ"
"1151";66;856;"66 - Yozgat Merkez";"856 - KIRIM KOYU";46245;"MOLLAHASAN MEVKİİ"
"1152";68;240;"68 - Ortakoy ";"240 - OGUZLAR KOYU";NA;"OĞUZLAR 2 MEVKİİ"
"1153";7;87;"7 - Dosemealti";"87 - AOSB2KISIM MH.";52911;NA
"1154";7;87;"7 - Dosemealti";"87 - AOSB3KISIM MH.";52912;NA
"1155";27;344;"27 - Sehitkamil";"344 - BASPINAR(ORGANIZE)OSB MH.";18553;NA
"1156";70;886;"70 - Karaman Merkez";"886 - ORGANIZE SANAYII BOLGESI MH.";59606;NA
"1157";79;940;"79 - Kilis Merkez";"940 - TOSYALI MH.";50449;NA
"1158";79;940;"79 - Kilis Merkez";"940 - MARASAL FEVZI CAKMAK MH.";50455;NA
"1159";79;940;"79 - Kilis Merkez";"940 - MEHMET ABDI BULUT MH.";55738;NA
"1160";44;605;"44 - Battalgazi";"605 - B.HUSEYINBEY MH.";30796;NA
"1161";33;414;"33 - Silifke";"414 - ARKUM MH.";60123;NA
"1162";33;415;"33 - Tarsus";"415 - ATALAR MH.";60256;NA
"1163";33;415;"33 - Tarsus";"415 - 82EVLER MH.";22297;NA
"1164";33;205;"33 - Yenisehir ";"205 - DUMLUPINAR MH.";NA;NA
"1165";33;205;"33 - Yenisehir ";"205 - PALMIYE MH.";NA;NA
"1166";63;829;"63 - Birecik";"829 - MERKEZ MH.";60789;NA
"1167";63;829;"63 - Birecik";"829 - SANCAK MH.";60791;NA
"1168";60;614;"60 - Yesilyurt ";"614 - TURKMENLER MH.";NA;NA
"1169";64;838;"64 - Usak Merkez";"838 - MENDE KOYU";45004;"KAŞBELEN MÜCAVİR MEVKİİ"
