name,countryId,geoRegionId,cityId,townId,districtId,quarterId,districtName,updated,type,id
Manavgat,1,3,7,100,0,0,None,1593297249,Town,100
Serik,1,3,7,101,0,0,None,1593297249,Town,101
Mihalıççık,1,4,26,1021,0,0,None,1593297249,Town,1021
Murgul,1,1,8,1022,0,0,None,1593297249,Town,1022
Altınyayla,1,3,15,1023,0,0,None,1593297249,Town,1023
Gökçeada,1,0,17,1024,0,0,None,1593297249,Town,1024
Oğuzlar,1,1,19,1025,0,0,None,1593297249,Town,1025
Aziziye,1,5,25,1026,0,0,None,1593297249,Town,1026
Eğirdir,1,3,32,1028,0,0,None,1593297249,Town,1028
Hanönü,1,1,37,1029,0,0,None,1593297249,Town,1029
Artvin Merkez,1,1,8,102,0,0,None,1593297249,Town,102
Özvatan,1,4,38,1030,0,0,None,1593297249,Town,1030
Arapgir,1,5,44,1031,0,0,None,1593297249,Town,1031
Pütürge,1,5,44,1032,0,0,None,1593297249,Town,1032
Midyat,1,6,47,1033,0,0,None,1593297249,Town,1033
Kabadüz,1,1,52,1034,0,0,None,1593297249,Town,1034
Kiğı,1,5,12,1035,0,0,None,1593297249,Town,1035
Çiftlik,1,4,51,1036,0,0,None,1593297249,Town,1036
Gülnar,1,3,33,1037,0,0,None,1593297249,Town,1037
Giresun Merkez,1,1,28,1038,0,0,None,1593297249,Town,1038
Ardanuç,1,1,8,103,0,0,None,1593297249,Town,103
Arhavi,1,1,8,104,0,0,None,1593297249,Town,104
Eyyübiye,1,6,63,1056,0,0,None,1593297249,Town,1056
Kapaklı,1,0,59,1057,0,0,None,1593297249,Town,1057
Ortahisar,1,1,61,1058,0,0,None,1593297249,Town,1058
Efeler,1,2,9,1059,0,0,None,1593297249,Town,1059
Borçka,1,1,8,105,0,0,None,1593297249,Town,105
Altıeylül,1,0,10,1060,0,0,None,1593297249,Town,1060
Karesi,1,0,10,1061,0,0,None,1593297249,Town,1061
Menteşe,1,2,48,1062,0,0,None,1593297249,Town,1062
Seydikemer,1,2,48,1063,0,0,None,1593297249,Town,1063
Şehzadeler,1,2,45,1064,0,0,None,1593297249,Town,1064
Yunusemre,1,2,45,1065,0,0,None,1593297249,Town,1065
Pamukkale,1,2,20,1066,0,0,None,1593297249,Town,1066
Arsuz,1,3,31,1067,0,0,None,1593297249,Town,1067
Antakya,1,3,31,1068,0,0,None,1593297249,Town,1068
Payas,1,3,31,1069,0,0,None,1593297249,Town,1069
Hopa,1,1,8,106,0,0,None,1593297249,Town,106
Defne,1,3,31,1070,0,0,None,1593297249,Town,1070
Onikişubat,1,3,46,1071,0,0,None,1593297249,Town,1071
Dulkadiroğlu,1,3,46,1072,0,0,None,1593297249,Town,1072
Artuklu,1,6,47,1073,0,0,None,1593297249,Town,1073
Altınordu,1,1,52,1074,0,0,None,1593297249,Town,1074
Karaköprü,1,6,63,1075,0,0,None,1593297249,Town,1075
Haliliye,1,6,63,1076,0,0,None,1593297249,Town,1076
Tillo,1,6,56,1077,0,0,None,1593297249,Town,1077
Ergene,1,0,59,1078,0,0,None,1593297249,Town,1078
Süleymanpaşa,1,0,59,1079,0,0,None,1593297249,Town,1079
İpekyolu,1,5,65,1080,0,0,None,1593297249,Town,1080
Tuşba,1,5,65,1081,0,0,None,1593297249,Town,1081
Kilimli,1,1,67,1082,0,0,None,1593297249,Town,1082
Kozlu,1,1,67,1083,0,0,None,1593297249,Town,1083
Kemalpaşa,1,1,8,1087,0,0,None,1593297249,Town,1087
Sultanhanı,1,4,68,1088,0,0,None,1593297249,Town,1088
Şavşat,1,1,8,108,0,0,None,1593297249,Town,108
Derecik,1,6,30,1095,0,0,None,1593297249,Town,1095
Yusufeli,1,1,8,109,0,0,None,1593297249,Town,109
Karataş,1,3,1,10,0,0,None,1593297249,Town,10
Bozdoğan,1,2,9,111,0,0,None,1593297249,Town,111
Buharkent,1,2,9,112,0,0,None,1593297249,Town,112
Çine,1,2,9,113,0,0,None,1593297249,Town,113
Germencik,1,2,9,114,0,0,None,1593297249,Town,114
İncirliova,1,2,9,115,0,0,None,1593297249,Town,115
Karacasu,1,2,9,116,0,0,None,1593297249,Town,116
Karpuzlu,1,2,9,117,0,0,None,1593297249,Town,117
Koçarlı,1,2,9,118,0,0,None,1593297249,Town,118
Köşk,1,2,9,119,0,0,None,1593297249,Town,119
Kozan,1,3,1,11,0,0,None,1593297249,Town,11
Kuşadası,1,2,9,120,0,0,None,1593297249,Town,120
Kuyucak,1,2,9,121,0,0,None,1593297249,Town,121
Nazilli,1,2,9,122,0,0,None,1593297249,Town,122
Söke,1,2,9,123,0,0,None,1593297249,Town,123
Sultanhisar,1,2,9,124,0,0,None,1593297249,Town,124
Didim,1,2,9,125,0,0,None,1593297249,Town,125
Yenipazar,1,2,9,126,0,0,None,1593297249,Town,126
Ayvalık,1,0,10,128,0,0,None,1593297249,Town,128
Balya,1,0,10,129,0,0,None,1593297249,Town,129
Pozantı,1,3,1,12,0,0,None,1593297249,Town,12
Bandırma,1,0,10,130,0,0,None,1593297249,Town,130
Bigadiç,1,0,10,131,0,0,None,1593297249,Town,131
Burhaniye,1,0,10,132,0,0,None,1593297249,Town,132
Dursunbey,1,0,10,133,0,0,None,1593297249,Town,133
Edremit,1,0,10,134,0,0,None,1593297249,Town,134
Erdek,1,0,10,135,0,0,None,1593297249,Town,135
Gömeç,1,0,10,136,0,0,None,1593297249,Town,136
Gönen,1,0,10,137,0,0,None,1593297249,Town,137
Havran,1,0,10,138,0,0,None,1593297249,Town,138
İvrindi,1,0,10,139,0,0,None,1593297249,Town,139
Saimbeyli,1,3,1,13,0,0,None,1593297249,Town,13
Kepsut,1,0,10,140,0,0,None,1593297249,Town,140
Manyas,1,0,10,141,0,0,None,1593297249,Town,141
Marmara,1,0,10,142,0,0,None,1593297249,Town,142
Savaştepe,1,0,10,143,0,0,None,1593297249,Town,143
Sındırgı,1,0,10,144,0,0,None,1593297249,Town,144
Susurluk,1,0,10,145,0,0,None,1593297249,Town,145
Bilecik Merkez,1,0,11,146,0,0,None,1593297249,Town,146
Bozüyük,1,0,11,147,0,0,None,1593297249,Town,147
Gölpazarı,1,0,11,148,0,0,None,1593297249,Town,148
İnhisar,1,0,11,149,0,0,None,1593297249,Town,149
Tufanbeyli,1,3,1,14,0,0,None,1593297249,Town,14
Osmaneli,1,0,11,150,0,0,None,1593297249,Town,150
Pazaryeri,1,0,11,151,0,0,None,1593297249,Town,151
Söğüt,1,0,11,152,0,0,None,1593297249,Town,152
Yenipazar,1,0,11,153,0,0,None,1593297249,Town,153
Bingöl Merkez,1,5,12,154,0,0,None,1593297249,Town,154
Adaklı,1,5,12,155,0,0,None,1593297249,Town,155
Genç,1,5,12,156,0,0,None,1593297249,Town,156
Karlıova,1,5,12,157,0,0,None,1593297249,Town,157
Solhan,1,5,12,159,0,0,None,1593297249,Town,159
Yumurtalık,1,3,1,15,0,0,None,1593297249,Town,15
Yayladere,1,5,12,160,0,0,None,1593297249,Town,160
Yedisu,1,5,12,161,0,0,None,1593297249,Town,161
Bitlis Merkez,1,5,13,162,0,0,None,1593297249,Town,162
Adilcevaz,1,5,13,163,0,0,None,1593297249,Town,163
Ahlat,1,5,13,164,0,0,None,1593297249,Town,164
Güroymak,1,5,13,165,0,0,None,1593297249,Town,165
Hizan,1,5,13,166,0,0,None,1593297249,Town,166
Mutki,1,5,13,167,0,0,None,1593297249,Town,167
Tatvan,1,5,13,168,0,0,None,1593297249,Town,168
Bolu Merkez,1,1,14,169,0,0,None,1593297249,Town,169
Adıyaman Merkez,1,6,2,16,0,0,None,1593297249,Town,16
Dörtdivan,1,1,14,170,0,0,None,1593297249,Town,170
Gerede,1,1,14,171,0,0,None,1593297249,Town,171
Göynük,1,1,14,172,0,0,None,1593297249,Town,172
Kıbrıscık,1,1,14,173,0,0,None,1593297249,Town,173
Mengen,1,1,14,174,0,0,None,1593297249,Town,174
Mudurnu,1,1,14,175,0,0,None,1593297249,Town,175
Seben,1,1,14,176,0,0,None,1593297249,Town,176
Yeniçağa,1,1,14,177,0,0,None,1593297249,Town,177
Burdur Merkez,1,3,15,178,0,0,None,1593297249,Town,178
Ağlasun,1,3,15,179,0,0,None,1593297249,Town,179
Besni,1,6,2,17,0,0,None,1593297249,Town,17
Bucak,1,3,15,181,0,0,None,1593297249,Town,181
Çavdır,1,3,15,182,0,0,None,1593297249,Town,182
Çeltikçi,1,3,15,183,0,0,None,1593297249,Town,183
Gölhisar,1,3,15,184,0,0,None,1593297249,Town,184
Karamanlı,1,3,15,185,0,0,None,1593297249,Town,185
Kemer,1,3,15,186,0,0,None,1593297249,Town,186
Tefenni,1,3,15,187,0,0,None,1593297249,Town,187
Yeşilova,1,3,15,188,0,0,None,1593297249,Town,188
Nilüfer,1,0,16,189,0,0,None,1593297249,Town,189
Çelikhan,1,6,2,18,0,0,None,1593297249,Town,18
Osmangazi,1,0,16,190,0,0,None,1593297249,Town,190
Yıldırım,1,0,16,191,0,0,None,1593297249,Town,191
Büyükorhan,1,0,16,192,0,0,None,1593297249,Town,192
Gemlik,1,0,16,193,0,0,None,1593297249,Town,193
Gürsu,1,0,16,194,0,0,None,1593297249,Town,194
Harmancık,1,0,16,195,0,0,None,1593297249,Town,195
İnegöl,1,0,16,196,0,0,None,1593297249,Town,196
İznik,1,0,16,197,0,0,None,1593297249,Town,197
Karacabey,1,0,16,198,0,0,None,1593297249,Town,198
Keles,1,0,16,199,0,0,None,1593297249,Town,199
Gerger,1,6,2,19,0,0,None,1593297249,Town,19
Seyhan,1,3,1,1,0,0,None,1593297249,Town,1
Kestel,1,0,16,200,0,0,None,1593297249,Town,200
Mudanya,1,0,16,201,0,0,None,1593297249,Town,201
Mustafakemalpaşa,1,0,16,202,0,0,None,1593297249,Town,202
Orhaneli,1,0,16,203,0,0,None,1593297249,Town,203
Orhangazi,1,0,16,204,0,0,None,1593297249,Town,204
Yenişehir,1,0,16,205,0,0,None,1593297249,Town,205
Çanakkale Merkez,1,0,17,206,0,0,None,1593297249,Town,206
Ayvacık,1,0,17,207,0,0,None,1593297249,Town,207
Bayramiç,1,0,17,208,0,0,None,1593297249,Town,208
Biga,1,0,17,209,0,0,None,1593297249,Town,209
Gölbaşı,1,6,2,20,0,0,None,1593297249,Town,20
Bozcaada,1,0,17,210,0,0,None,1593297249,Town,210
Çan,1,0,17,211,0,0,None,1593297249,Town,211
Eceabat,1,0,17,212,0,0,None,1593297249,Town,212
Ezine,1,0,17,213,0,0,None,1593297249,Town,213
Gelibolu,1,0,17,214,0,0,None,1593297249,Town,214
Lapseki,1,0,17,216,0,0,None,1593297249,Town,216
Yenice,1,0,17,217,0,0,None,1593297249,Town,217
Çankırı Merkez,1,4,18,218,0,0,None,1593297249,Town,218
Atkaracalar,1,4,18,219,0,0,None,1593297249,Town,219
Kahta,1,6,2,21,0,0,None,1593297249,Town,21
Bayramören,1,4,18,220,0,0,None,1593297249,Town,220
Çerkeş,1,4,18,221,0,0,None,1593297249,Town,221
Eldivan,1,4,18,222,0,0,None,1593297249,Town,222
Ilgaz,1,4,18,223,0,0,None,1593297249,Town,223
Kızılırmak,1,4,18,224,0,0,None,1593297249,Town,224
Korgun,1,4,18,225,0,0,None,1593297249,Town,225
Kurşunlu,1,4,18,226,0,0,None,1593297249,Town,226
Orta,1,4,18,227,0,0,None,1593297249,Town,227
Şabanözü,1,4,18,228,0,0,None,1593297249,Town,228
Yapraklı,1,4,18,229,0,0,None,1593297249,Town,229
Samsat,1,6,2,22,0,0,None,1593297249,Town,22
Çorum Merkez,1,1,19,230,0,0,None,1593297249,Town,230
Alaca,1,1,19,231,0,0,None,1593297249,Town,231
Bayat,1,1,19,232,0,0,None,1593297249,Town,232
Boğazkale,1,1,19,233,0,0,None,1593297249,Town,233
Dodurga,1,1,19,234,0,0,None,1593297249,Town,234
İskilip,1,1,19,235,0,0,None,1593297249,Town,235
Kargı,1,1,19,236,0,0,None,1593297249,Town,236
Laçin,1,1,19,237,0,0,None,1593297249,Town,237
Mecitözü,1,1,19,238,0,0,None,1593297249,Town,238
Sincik,1,6,2,23,0,0,None,1593297249,Town,23
Ortaköy,1,1,19,240,0,0,None,1593297249,Town,240
Osmancık,1,1,19,241,0,0,None,1593297249,Town,241
Sungurlu,1,1,19,242,0,0,None,1593297249,Town,242
Uğurludağ,1,1,19,243,0,0,None,1593297249,Town,243
Merkezefendi,1,2,20,244,0,0,None,1593297249,Town,244
Acıpayam,1,2,20,245,0,0,None,1593297249,Town,245
Babadağ,1,2,20,247,0,0,None,1593297249,Town,247
Baklan,1,2,20,248,0,0,None,1593297249,Town,248
Bekilli,1,2,20,249,0,0,None,1593297249,Town,249
Tut,1,6,2,24,0,0,None,1593297249,Town,24
Beyağaç,1,2,20,250,0,0,None,1593297249,Town,250
Bozkurt,1,2,20,251,0,0,None,1593297249,Town,251
Buldan,1,2,20,252,0,0,None,1593297249,Town,252
Çal,1,2,20,253,0,0,None,1593297249,Town,253
Çameli,1,2,20,254,0,0,None,1593297249,Town,254
Çardak,1,2,20,255,0,0,None,1593297249,Town,255
Çivril,1,2,20,256,0,0,None,1593297249,Town,256
Güney,1,2,20,257,0,0,None,1593297249,Town,257
Honaz,1,2,20,258,0,0,None,1593297249,Town,258
Kale,1,2,20,259,0,0,None,1593297249,Town,259
Afyonkarahisar Merkez,1,2,3,25,0,0,None,1593297249,Town,25
Sarayköy,1,2,20,260,0,0,None,1593297249,Town,260
Serinhisar,1,2,20,261,0,0,None,1593297249,Town,261
Tavas,1,2,20,262,0,0,None,1593297249,Town,262
Sur,1,6,21,263,0,0,None,1593297249,Town,263
Bağlar,1,6,21,264,0,0,None,1593297249,Town,264
Yenişehir,1,6,21,265,0,0,None,1593297249,Town,265
Kayapınar,1,6,21,266,0,0,None,1593297249,Town,266
Bismil,1,6,21,267,0,0,None,1593297249,Town,267
Çermik,1,6,21,268,0,0,None,1593297249,Town,268
Çınar,1,6,21,269,0,0,None,1593297249,Town,269
Başmakçı,1,2,3,26,0,0,None,1593297249,Town,26
Çüngüş,1,6,21,270,0,0,None,1593297249,Town,270
Dicle,1,6,21,271,0,0,None,1593297249,Town,271
Eğil,1,6,21,272,0,0,None,1593297249,Town,272
Ergani,1,6,21,273,0,0,None,1593297249,Town,273
Hani,1,6,21,274,0,0,None,1593297249,Town,274
Hazro,1,6,21,275,0,0,None,1593297249,Town,275
Kocaköy,1,6,21,276,0,0,None,1593297249,Town,276
Kulp,1,6,21,277,0,0,None,1593297249,Town,277
Lice,1,6,21,278,0,0,None,1593297249,Town,278
Silvan,1,6,21,279,0,0,None,1593297249,Town,279
Bayat,1,2,3,27,0,0,None,1593297249,Town,27
Edirne Merkez,1,0,22,280,0,0,None,1593297249,Town,280
Enez,1,0,22,281,0,0,None,1593297249,Town,281
Havsa,1,0,22,282,0,0,None,1593297249,Town,282
İpsala,1,0,22,283,0,0,None,1593297249,Town,283
Keşan,1,0,22,284,0,0,None,1593297249,Town,284
Lalapaşa,1,0,22,285,0,0,None,1593297249,Town,285
Meriç,1,0,22,286,0,0,None,1593297249,Town,286
Süloğlu,1,0,22,287,0,0,None,1593297249,Town,287
Uzunköprü,1,0,22,288,0,0,None,1593297249,Town,288
Elazığ Merkez,1,5,23,289,0,0,None,1593297249,Town,289
Bolvadin,1,2,3,28,0,0,None,1593297249,Town,28
Ağın,1,5,23,290,0,0,None,1593297249,Town,290
Alacakaya,1,5,23,291,0,0,None,1593297249,Town,291
Arıcak,1,5,23,292,0,0,None,1593297249,Town,292
Baskil,1,5,23,293,0,0,None,1593297249,Town,293
Karakoçan,1,5,23,294,0,0,None,1593297249,Town,294
Keban,1,5,23,295,0,0,None,1593297249,Town,295
Kovancılar,1,5,23,296,0,0,None,1593297249,Town,296
Maden,1,5,23,297,0,0,None,1593297249,Town,297
Palu,1,5,23,298,0,0,None,1593297249,Town,298
Sivrice,1,5,23,299,0,0,None,1593297249,Town,299
Çay,1,2,3,29,0,0,None,1593297249,Town,29
Yüreğir,1,3,1,2,0,0,None,1593297249,Town,2
Erzincan Merkez,1,5,24,300,0,0,None,1593297249,Town,300
Çayırlı,1,5,24,301,0,0,None,1593297249,Town,301
İliç,1,5,24,302,0,0,None,1593297249,Town,302
Kemah,1,5,24,303,0,0,None,1593297249,Town,303
Kemaliye,1,5,24,304,0,0,None,1593297249,Town,304
Otlukbeli,1,5,24,305,0,0,None,1593297249,Town,305
Refahiye,1,5,24,306,0,0,None,1593297249,Town,306
Tercan,1,5,24,307,0,0,None,1593297249,Town,307
Üzümlü,1,5,24,308,0,0,None,1593297249,Town,308
Palandöken,1,5,25,309,0,0,None,1593297249,Town,309
Çobanlar,1,2,3,30,0,0,None,1593297249,Town,30
Yakutiye,1,5,25,310,0,0,None,1593297249,Town,310
Aşkale,1,5,25,312,0,0,None,1593297249,Town,312
Çat,1,5,25,313,0,0,None,1593297249,Town,313
Hınıs,1,5,25,314,0,0,None,1593297249,Town,314
Horasan,1,5,25,315,0,0,None,1593297249,Town,315
İspir,1,5,25,316,0,0,None,1593297249,Town,316
Karaçoban,1,5,25,317,0,0,None,1593297249,Town,317
Karayazı,1,5,25,318,0,0,None,1593297249,Town,318
Köprüköy,1,5,25,319,0,0,None,1593297249,Town,319
Dazkırı,1,2,3,31,0,0,None,1593297249,Town,31
Narman,1,5,25,320,0,0,None,1593297249,Town,320
Oltu,1,5,25,321,0,0,None,1593297249,Town,321
Olur,1,5,25,322,0,0,None,1593297249,Town,322
Pasinler,1,5,25,323,0,0,None,1593297249,Town,323
Pazaryolu,1,5,25,324,0,0,None,1593297249,Town,324
Şenkaya,1,5,25,325,0,0,None,1593297249,Town,325
Tekman,1,5,25,326,0,0,None,1593297249,Town,326
Tortum,1,5,25,327,0,0,None,1593297249,Town,327
Uzundere,1,5,25,328,0,0,None,1593297249,Town,328
Odunpazarı,1,4,26,329,0,0,None,1593297249,Town,329
Dinar,1,2,3,32,0,0,None,1593297249,Town,32
Tepebaşı,1,4,26,330,0,0,None,1593297249,Town,330
Alpu,1,4,26,331,0,0,None,1593297249,Town,331
Beylikova,1,4,26,332,0,0,None,1593297249,Town,332
Çifteler,1,4,26,333,0,0,None,1593297249,Town,333
Günyüzü,1,4,26,334,0,0,None,1593297249,Town,334
Han,1,4,26,335,0,0,None,1593297249,Town,335
İnönü,1,4,26,336,0,0,None,1593297249,Town,336
Mahmudiye,1,4,26,337,0,0,None,1593297249,Town,337
Mihalgazi,1,4,26,338,0,0,None,1593297249,Town,338
Emirdağ,1,2,3,33,0,0,None,1593297249,Town,33
Sarıcakaya,1,4,26,340,0,0,None,1593297249,Town,340
Seyitgazi,1,4,26,341,0,0,None,1593297249,Town,341
Sivrihisar,1,4,26,342,0,0,None,1593297249,Town,342
Şahinbey,1,6,27,343,0,0,None,1593297249,Town,343
Şehitkamil,1,6,27,344,0,0,None,1593297249,Town,344
Oğuzeli,1,6,27,345,0,0,None,1593297249,Town,345
Araban,1,6,27,346,0,0,None,1593297249,Town,346
İslahiye,1,6,27,347,0,0,None,1593297249,Town,347
Karkamış,1,6,27,348,0,0,None,1593297249,Town,348
Nizip,1,6,27,349,0,0,None,1593297249,Town,349
Evciler,1,2,3,34,0,0,None,1593297249,Town,34
Nurdağı,1,6,27,350,0,0,None,1593297249,Town,350
Yavuzeli,1,6,27,351,0,0,None,1593297249,Town,351
Alucra,1,1,28,353,0,0,None,1593297249,Town,353
Bulancak,1,1,28,354,0,0,None,1593297249,Town,354
Çamoluk,1,1,28,355,0,0,None,1593297249,Town,355
Çanakçı,1,1,28,356,0,0,None,1593297249,Town,356
Dereli,1,1,28,357,0,0,None,1593297249,Town,357
Doğankent,1,1,28,358,0,0,None,1593297249,Town,358
Espiye,1,1,28,359,0,0,None,1593297249,Town,359
Hocalar,1,2,3,35,0,0,None,1593297249,Town,35
Eynesil,1,1,28,360,0,0,None,1593297249,Town,360
Görele,1,1,28,361,0,0,None,1593297249,Town,361
Güce,1,1,28,362,0,0,None,1593297249,Town,362
Keşap,1,1,28,363,0,0,None,1593297249,Town,363
Piraziz,1,1,28,364,0,0,None,1593297249,Town,364
Şebinkarahisar,1,1,28,365,0,0,None,1593297249,Town,365
Tirebolu,1,1,28,366,0,0,None,1593297249,Town,366
Yağlıdere,1,1,28,367,0,0,None,1593297249,Town,367
Gümüşhane Merkez,1,1,29,368,0,0,None,1593297249,Town,368
Kelkit,1,1,29,369,0,0,None,1593297249,Town,369
İhsaniye,1,2,3,36,0,0,None,1593297249,Town,36
Köse,1,1,29,370,0,0,None,1593297249,Town,370
Kürtün,1,1,29,371,0,0,None,1593297249,Town,371
Şiran,1,1,29,372,0,0,None,1593297249,Town,372
Torul,1,1,29,373,0,0,None,1593297249,Town,373
Hakkari Merkez,1,6,30,374,0,0,None,1593297249,Town,374
Çukurca,1,6,30,375,0,0,None,1593297249,Town,375
Şemdinli,1,6,30,376,0,0,None,1593297249,Town,376
Yüksekova,1,6,30,377,0,0,None,1593297249,Town,377
Altınözü,1,3,31,379,0,0,None,1593297249,Town,379
İscehisar,1,2,3,37,0,0,None,1593297249,Town,37
Belen,1,3,31,380,0,0,None,1593297249,Town,380
Dörtyol,1,3,31,381,0,0,None,1593297249,Town,381
Erzin,1,3,31,382,0,0,None,1593297249,Town,382
Hassa,1,3,31,383,0,0,None,1593297249,Town,383
İskenderun,1,3,31,384,0,0,None,1593297249,Town,384
Kırıkhan,1,3,31,385,0,0,None,1593297249,Town,385
Kumlu,1,3,31,386,0,0,None,1593297249,Town,386
Reyhanlı,1,3,31,387,0,0,None,1593297249,Town,387
Samandağ,1,3,31,388,0,0,None,1593297249,Town,388
Yayladağı,1,3,31,389,0,0,None,1593297249,Town,389
Kızılören,1,2,3,38,0,0,None,1593297249,Town,38
Isparta Merkez,1,3,32,390,0,0,None,1593297249,Town,390
Aksu,1,3,32,391,0,0,None,1593297249,Town,391
Atabey,1,3,32,392,0,0,None,1593297249,Town,392
Gelendost,1,3,32,394,0,0,None,1593297249,Town,394
Gönen,1,3,32,395,0,0,None,1593297249,Town,395
Keçiborlu,1,3,32,396,0,0,None,1593297249,Town,396
Senirkent,1,3,32,397,0,0,None,1593297249,Town,397
Sütçüler,1,3,32,398,0,0,None,1593297249,Town,398
Şarkikaraağaç,1,3,32,399,0,0,None,1593297249,Town,399
Sandıklı,1,2,3,39,0,0,None,1593297249,Town,39
Sarıçam,1,3,1,3,0,0,None,1593297249,Town,3
Uluborlu,1,3,32,400,0,0,None,1593297249,Town,400
Yalvaç,1,3,32,401,0,0,None,1593297249,Town,401
Yenişarbademli,1,3,32,402,0,0,None,1593297249,Town,402
Akdeniz,1,3,33,403,0,0,None,1593297249,Town,403
Yenişehir,1,3,33,404,0,0,None,1593297249,Town,404
Toroslar,1,3,33,405,0,0,None,1593297249,Town,405
Mezitli,1,3,33,406,0,0,None,1593297249,Town,406
Anamur,1,3,33,407,0,0,None,1593297249,Town,407
Aydıncık,1,3,33,408,0,0,None,1593297249,Town,408
Bozyazı,1,3,33,409,0,0,None,1593297249,Town,409
Sinanpaşa,1,2,3,40,0,0,None,1593297249,Town,40
Çamlıyayla,1,3,33,410,0,0,None,1593297249,Town,410
Erdemli,1,3,33,411,0,0,None,1593297249,Town,411
Mut,1,3,33,413,0,0,None,1593297249,Town,413
Silifke,1,3,33,414,0,0,None,1593297249,Town,414
Tarsus,1,3,33,415,0,0,None,1593297249,Town,415
Bakırköy,1,0,34,416,0,0,None,1593297249,Town,416
Bayrampaşa,1,0,34,417,0,0,None,1593297249,Town,417
Beşiktaş,1,0,34,418,0,0,None,1593297249,Town,418
Beyoğlu,1,0,34,419,0,0,None,1593297249,Town,419
Sultandağı,1,2,3,41,0,0,None,1593297249,Town,41
Arnavutköy,1,0,34,420,0,0,None,1593297249,Town,420
Eyüpsultan,1,0,34,421,0,0,None,1593297249,Town,421
Fatih,1,0,34,422,0,0,None,1593297249,Town,422
Gaziosmanpaşa,1,0,34,423,0,0,None,1593297249,Town,423
Kağıthane,1,0,34,424,0,0,None,1593297249,Town,424
Küçükçekmece,1,0,34,425,0,0,None,1593297249,Town,425
Sarıyer,1,0,34,426,0,0,None,1593297249,Town,426
Şişli,1,0,34,427,0,0,None,1593297249,Town,427
Zeytinburnu,1,0,34,428,0,0,None,1593297249,Town,428
Avcılar,1,0,34,429,0,0,None,1593297249,Town,429
Şuhut,1,2,3,42,0,0,None,1593297249,Town,42
Güngören,1,0,34,430,0,0,None,1593297249,Town,430
Bahçelievler,1,0,34,431,0,0,None,1593297249,Town,431
Bağcılar,1,0,34,432,0,0,None,1593297249,Town,432
Esenler,1,0,34,433,0,0,None,1593297249,Town,433
Başakşehir,1,0,34,434,0,0,None,1593297249,Town,434
Beylikdüzü,1,0,34,435,0,0,None,1593297249,Town,435
Esenyurt,1,0,34,436,0,0,None,1593297249,Town,436
Sultangazi,1,0,34,437,0,0,None,1593297249,Town,437
Adalar,1,0,34,438,0,0,None,1593297249,Town,438
Beykoz,1,0,34,439,0,0,None,1593297249,Town,439
Ağrı Merkez,1,5,4,43,0,0,None,1593297249,Town,43
Kadıköy,1,0,34,440,0,0,None,1593297249,Town,440
Kartal,1,0,34,441,0,0,None,1593297249,Town,441
Pendik,1,0,34,442,0,0,None,1593297249,Town,442
Ümraniye,1,0,34,443,0,0,None,1593297249,Town,443
Üsküdar,1,0,34,444,0,0,None,1593297249,Town,444
Tuzla,1,0,34,445,0,0,None,1593297249,Town,445
Maltepe,1,0,34,446,0,0,None,1593297249,Town,446
Ataşehir,1,0,34,447,0,0,None,1593297249,Town,447
Çekmeköy,1,0,34,448,0,0,None,1593297249,Town,448
Sancaktepe,1,0,34,449,0,0,None,1593297249,Town,449
Diyadin,1,5,4,44,0,0,None,1593297249,Town,44
Büyükçekmece,1,0,34,450,0,0,None,1593297249,Town,450
Çatalca,1,0,34,451,0,0,None,1593297249,Town,451
Silivri,1,0,34,452,0,0,None,1593297249,Town,452
Şile,1,0,34,453,0,0,None,1593297249,Town,453
Sultanbeyli,1,0,34,454,0,0,None,1593297249,Town,454
Aliağa,1,2,35,455,0,0,None,1593297249,Town,455
Balçova,1,2,35,456,0,0,None,1593297249,Town,456
Bayındır,1,2,35,457,0,0,None,1593297249,Town,457
Bornova,1,2,35,458,0,0,None,1593297249,Town,458
Buca,1,2,35,459,0,0,None,1593297249,Town,459
Doğubayazıt,1,5,4,45,0,0,None,1593297249,Town,45
Çiğli,1,2,35,460,0,0,None,1593297249,Town,460
Foça,1,2,35,461,0,0,None,1593297249,Town,461
Gaziemir,1,2,35,462,0,0,None,1593297249,Town,462
Güzelbahçe,1,2,35,463,0,0,None,1593297249,Town,463
Karşıyaka,1,2,35,464,0,0,None,1593297249,Town,464
Kemalpaşa,1,2,35,465,0,0,None,1593297249,Town,465
Konak,1,2,35,466,0,0,None,1593297249,Town,466
Menderes,1,2,35,467,0,0,None,1593297249,Town,467
Menemen,1,2,35,468,0,0,None,1593297249,Town,468
Narlıdere,1,2,35,469,0,0,None,1593297249,Town,469
Eleşkirt,1,5,4,46,0,0,None,1593297249,Town,46
Seferihisar,1,2,35,470,0,0,None,1593297249,Town,470
Selçuk,1,2,35,471,0,0,None,1593297249,Town,471
Torbalı,1,2,35,472,0,0,None,1593297249,Town,472
Urla,1,2,35,473,0,0,None,1593297249,Town,473
Bayraklı,1,2,35,474,0,0,None,1593297249,Town,474
Karabağlar,1,2,35,475,0,0,None,1593297249,Town,475
Bergama,1,2,35,476,0,0,None,1593297249,Town,476
Beydağ,1,2,35,477,0,0,None,1593297249,Town,477
Çeşme,1,2,35,478,0,0,None,1593297249,Town,478
Dikili,1,2,35,479,0,0,None,1593297249,Town,479
Hamur,1,5,4,47,0,0,None,1593297249,Town,47
Karaburun,1,2,35,480,0,0,None,1593297249,Town,480
Kınık,1,2,35,481,0,0,None,1593297249,Town,481
Kiraz,1,2,35,482,0,0,None,1593297249,Town,482
Ödemiş,1,2,35,483,0,0,None,1593297249,Town,483
Tire,1,2,35,484,0,0,None,1593297249,Town,484
Kars Merkez,1,5,36,485,0,0,None,1593297249,Town,485
Akyaka,1,5,36,486,0,0,None,1593297249,Town,486
Arpaçay,1,5,36,487,0,0,None,1593297249,Town,487
Digor,1,5,36,488,0,0,None,1593297249,Town,488
Kağızman,1,5,36,489,0,0,None,1593297249,Town,489
Patnos,1,5,4,48,0,0,None,1593297249,Town,48
Sarıkamış,1,5,36,490,0,0,None,1593297249,Town,490
Selim,1,5,36,491,0,0,None,1593297249,Town,491
Susuz,1,5,36,492,0,0,None,1593297249,Town,492
Kastamonu Merkez,1,1,37,493,0,0,None,1593297249,Town,493
Abana,1,1,37,494,0,0,None,1593297249,Town,494
Ağlı,1,1,37,495,0,0,None,1593297249,Town,495
Araç,1,1,37,496,0,0,None,1593297249,Town,496
Azdavay,1,1,37,497,0,0,None,1593297249,Town,497
Bozkurt,1,1,37,498,0,0,None,1593297249,Town,498
Cide,1,1,37,499,0,0,None,1593297249,Town,499
Taşlıçay,1,5,4,49,0,0,None,1593297249,Town,49
Çukurova,1,3,1,4,0,0,None,1593297249,Town,4
Çatalzeytin,1,1,37,500,0,0,None,1593297249,Town,500
Daday,1,1,37,501,0,0,None,1593297249,Town,501
Devrekani,1,1,37,502,0,0,None,1593297249,Town,502
Doğanyurt,1,1,37,503,0,0,None,1593297249,Town,503
İhsangazi,1,1,37,505,0,0,None,1593297249,Town,505
İnebolu,1,1,37,506,0,0,None,1593297249,Town,506
Küre,1,1,37,507,0,0,None,1593297249,Town,507
Pınarbaşı,1,1,37,508,0,0,None,1593297249,Town,508
Seydiler,1,1,37,509,0,0,None,1593297249,Town,509
Tutak,1,5,4,50,0,0,None,1593297249,Town,50
Şenpazar,1,1,37,510,0,0,None,1593297249,Town,510
Taşköprü,1,1,37,511,0,0,None,1593297249,Town,511
Tosya,1,1,37,512,0,0,None,1593297249,Town,512
Kocasinan,1,4,38,513,0,0,None,1593297249,Town,513
Melikgazi,1,4,38,514,0,0,None,1593297249,Town,514
Talas,1,4,38,515,0,0,None,1593297249,Town,515
Akkışla,1,4,38,516,0,0,None,1593297249,Town,516
Bünyan,1,4,38,517,0,0,None,1593297249,Town,517
Develi,1,4,38,518,0,0,None,1593297249,Town,518
Felahiye,1,4,38,519,0,0,None,1593297249,Town,519
Amasya Merkez,1,1,5,51,0,0,None,1593297249,Town,51
Hacılar,1,4,38,520,0,0,None,1593297249,Town,520
İncesu,1,4,38,521,0,0,None,1593297249,Town,521
Pınarbaşı,1,4,38,523,0,0,None,1593297249,Town,523
Sarıoğlan,1,4,38,524,0,0,None,1593297249,Town,524
Sarız,1,4,38,525,0,0,None,1593297249,Town,525
Tomarza,1,4,38,526,0,0,None,1593297249,Town,526
Yahyalı,1,4,38,527,0,0,None,1593297249,Town,527
Yeşilhisar,1,4,38,528,0,0,None,1593297249,Town,528
Kırklareli Merkez,1,0,39,529,0,0,None,1593297249,Town,529
Göynücek,1,1,5,52,0,0,None,1593297249,Town,52
Babaeski,1,0,39,530,0,0,None,1593297249,Town,530
Demirköy,1,0,39,531,0,0,None,1593297249,Town,531
Kofçaz,1,0,39,532,0,0,None,1593297249,Town,532
Lüleburgaz,1,0,39,533,0,0,None,1593297249,Town,533
Pehlivanköy,1,0,39,534,0,0,None,1593297249,Town,534
Pınarhisar,1,0,39,535,0,0,None,1593297249,Town,535
Vize,1,0,39,536,0,0,None,1593297249,Town,536
Kırşehir Merkez,1,4,40,537,0,0,None,1593297249,Town,537
Akçakent,1,4,40,538,0,0,None,1593297249,Town,538
Akpınar,1,4,40,539,0,0,None,1593297249,Town,539
Gümüşhacıköy,1,1,5,53,0,0,None,1593297249,Town,53
Boztepe,1,4,40,540,0,0,None,1593297249,Town,540
Çiçekdağı,1,4,40,541,0,0,None,1593297249,Town,541
Kaman,1,4,40,542,0,0,None,1593297249,Town,542
Mucur,1,4,40,543,0,0,None,1593297249,Town,543
İzmit,1,0,41,544,0,0,None,1593297249,Town,544
Başiskele,1,0,41,545,0,0,None,1593297249,Town,545
Çayırova,1,0,41,546,0,0,None,1593297249,Town,546
Darıca,1,0,41,547,0,0,None,1593297249,Town,547
Dilovası,1,0,41,548,0,0,None,1593297249,Town,548
Kartepe,1,0,41,549,0,0,None,1593297249,Town,549
Hamamözü,1,1,5,54,0,0,None,1593297249,Town,54
Gebze,1,0,41,550,0,0,None,1593297249,Town,550
Gölcük,1,0,41,551,0,0,None,1593297249,Town,551
Kandıra,1,0,41,552,0,0,None,1593297249,Town,552
Karamürsel,1,0,41,553,0,0,None,1593297249,Town,553
Körfez,1,0,41,554,0,0,None,1593297249,Town,554
Derince,1,0,41,555,0,0,None,1593297249,Town,555
Karatay,1,4,42,556,0,0,None,1593297249,Town,556
Meram,1,4,42,557,0,0,None,1593297249,Town,557
Selçuklu,1,4,42,558,0,0,None,1593297249,Town,558
Ahırlı,1,4,42,559,0,0,None,1593297249,Town,559
Merzifon,1,1,5,55,0,0,None,1593297249,Town,55
Akören,1,4,42,560,0,0,None,1593297249,Town,560
Akşehir,1,4,42,561,0,0,None,1593297249,Town,561
Altınekin,1,4,42,562,0,0,None,1593297249,Town,562
Beyşehir,1,4,42,563,0,0,None,1593297249,Town,563
Bozkır,1,4,42,564,0,0,None,1593297249,Town,564
Cihanbeyli,1,4,42,565,0,0,None,1593297249,Town,565
Çeltik,1,4,42,566,0,0,None,1593297249,Town,566
Çumra,1,4,42,567,0,0,None,1593297249,Town,567
Derbent,1,4,42,568,0,0,None,1593297249,Town,568
Derebucak,1,4,42,569,0,0,None,1593297249,Town,569
Suluova,1,1,5,56,0,0,None,1593297249,Town,56
Doğanhisar,1,4,42,570,0,0,None,1593297249,Town,570
Emirgazi,1,4,42,571,0,0,None,1593297249,Town,571
Ereğli,1,4,42,572,0,0,None,1593297249,Town,572
Güneysınır,1,4,42,573,0,0,None,1593297249,Town,573
Hadim,1,4,42,574,0,0,None,1593297249,Town,574
Halkapınar,1,4,42,575,0,0,None,1593297249,Town,575
Hüyük,1,4,42,576,0,0,None,1593297249,Town,576
Ilgın,1,4,42,577,0,0,None,1593297249,Town,577
Kadınhanı,1,4,42,578,0,0,None,1593297249,Town,578
Karapınar,1,4,42,579,0,0,None,1593297249,Town,579
Taşova,1,1,5,57,0,0,None,1593297249,Town,57
Kulu,1,4,42,580,0,0,None,1593297249,Town,580
Sarayönü,1,4,42,581,0,0,None,1593297249,Town,581
Seydişehir,1,4,42,582,0,0,None,1593297249,Town,582
Taşkent,1,4,42,583,0,0,None,1593297249,Town,583
Tuzlukçu,1,4,42,584,0,0,None,1593297249,Town,584
Yalıhüyük,1,4,42,585,0,0,None,1593297249,Town,585
Yunak,1,4,42,586,0,0,None,1593297249,Town,586
Kütahya Merkez,1,2,43,587,0,0,None,1593297249,Town,587
Altıntaş,1,2,43,588,0,0,None,1593297249,Town,588
Aslanapa,1,2,43,589,0,0,None,1593297249,Town,589
Altındağ,1,4,6,58,0,0,None,1593297249,Town,58
Çavdarhisar,1,2,43,590,0,0,None,1593297249,Town,590
Domaniç,1,2,43,591,0,0,None,1593297249,Town,591
Dumlupınar,1,2,43,592,0,0,None,1593297249,Town,592
Emet,1,2,43,593,0,0,None,1593297249,Town,593
Gediz,1,2,43,594,0,0,None,1593297249,Town,594
Hisarcık,1,2,43,595,0,0,None,1593297249,Town,595
Pazarlar,1,2,43,596,0,0,None,1593297249,Town,596
Simav,1,2,43,597,0,0,None,1593297249,Town,597
Şaphane,1,2,43,598,0,0,None,1593297249,Town,598
Tavşanlı,1,2,43,599,0,0,None,1593297249,Town,599
Çankaya,1,4,6,59,0,0,None,1593297249,Town,59
Aladağ,1,3,1,5,0,0,None,1593297249,Town,5
Akçadağ,1,5,44,602,0,0,None,1593297249,Town,602
Arguvan,1,5,44,604,0,0,None,1593297249,Town,604
Battalgazi,1,5,44,605,0,0,None,1593297249,Town,605
Darende,1,5,44,606,0,0,None,1593297249,Town,606
Doğanşehir,1,5,44,607,0,0,None,1593297249,Town,607
Doğanyol,1,5,44,608,0,0,None,1593297249,Town,608
Hekimhan,1,5,44,609,0,0,None,1593297249,Town,609
Etimesgut,1,4,6,60,0,0,None,1593297249,Town,60
Kale,1,5,44,610,0,0,None,1593297249,Town,610
Kuluncak,1,5,44,611,0,0,None,1593297249,Town,611
Yazıhan,1,5,44,613,0,0,None,1593297249,Town,613
Yeşilyurt,1,5,44,614,0,0,None,1593297249,Town,614
Ahmetli,1,2,45,616,0,0,None,1593297249,Town,616
Akhisar,1,2,45,617,0,0,None,1593297249,Town,617
Alaşehir,1,2,45,618,0,0,None,1593297249,Town,618
Demirci,1,2,45,619,0,0,None,1593297249,Town,619
Keçiören,1,4,6,61,0,0,None,1593297249,Town,61
Gölmarmara,1,2,45,620,0,0,None,1593297249,Town,620
Gördes,1,2,45,621,0,0,None,1593297249,Town,621
Kırkağaç,1,2,45,622,0,0,None,1593297249,Town,622
Köprübaşı,1,2,45,623,0,0,None,1593297249,Town,623
Kula,1,2,45,624,0,0,None,1593297249,Town,624
Salihli,1,2,45,625,0,0,None,1593297249,Town,625
Sarıgöl,1,2,45,626,0,0,None,1593297249,Town,626
Saruhanlı,1,2,45,627,0,0,None,1593297249,Town,627
Selendi,1,2,45,628,0,0,None,1593297249,Town,628
Soma,1,2,45,629,0,0,None,1593297249,Town,629
Mamak,1,4,6,62,0,0,None,1593297249,Town,62
Turgutlu,1,2,45,630,0,0,None,1593297249,Town,630
Afşin,1,3,46,632,0,0,None,1593297249,Town,632
Andırın,1,3,46,633,0,0,None,1593297249,Town,633
Çağlayancerit,1,3,46,634,0,0,None,1593297249,Town,634
Ekinözü,1,3,46,635,0,0,None,1593297249,Town,635
Elbistan,1,3,46,636,0,0,None,1593297249,Town,636
Göksun,1,3,46,637,0,0,None,1593297249,Town,637
Nurhak,1,3,46,638,0,0,None,1593297249,Town,638
Pazarcık,1,3,46,639,0,0,None,1593297249,Town,639
Sincan,1,4,6,63,0,0,None,1593297249,Town,63
Türkoğlu,1,3,46,640,0,0,None,1593297249,Town,640
Dargeçit,1,6,47,642,0,0,None,1593297249,Town,642
Derik,1,6,47,643,0,0,None,1593297249,Town,643
Kızıltepe,1,6,47,644,0,0,None,1593297249,Town,644
Mazıdağı,1,6,47,645,0,0,None,1593297249,Town,645
Nusaybin,1,6,47,647,0,0,None,1593297249,Town,647
Ömerli,1,6,47,648,0,0,None,1593297249,Town,648
Savur,1,6,47,649,0,0,None,1593297249,Town,649
Yenimahalle,1,4,6,64,0,0,None,1593297249,Town,64
Yeşilli,1,6,47,650,0,0,None,1593297249,Town,650
Bodrum,1,2,48,652,0,0,None,1593297249,Town,652
Dalaman,1,2,48,653,0,0,None,1593297249,Town,653
Datça,1,2,48,654,0,0,None,1593297249,Town,654
Fethiye,1,2,48,655,0,0,None,1593297249,Town,655
Kavaklıdere,1,2,48,656,0,0,None,1593297249,Town,656
Köyceğiz,1,2,48,657,0,0,None,1593297249,Town,657
Marmaris,1,2,48,658,0,0,None,1593297249,Town,658
Milas,1,2,48,659,0,0,None,1593297249,Town,659
Gölbaşı,1,4,6,65,0,0,None,1593297249,Town,65
Ortaca,1,2,48,660,0,0,None,1593297249,Town,660
Ula,1,2,48,661,0,0,None,1593297249,Town,661
Yatağan,1,2,48,662,0,0,None,1593297249,Town,662
Muş Merkez,1,5,49,663,0,0,None,1593297249,Town,663
Bulanık,1,5,49,664,0,0,None,1593297249,Town,664
Hasköy,1,5,49,665,0,0,None,1593297249,Town,665
Korkut,1,5,49,666,0,0,None,1593297249,Town,666
Malazgirt,1,5,49,667,0,0,None,1593297249,Town,667
Varto,1,5,49,668,0,0,None,1593297249,Town,668
Nevşehir Merkez,1,4,50,669,0,0,None,1593297249,Town,669
Pursaklar,1,4,6,66,0,0,None,1593297249,Town,66
Acıgöl,1,4,50,670,0,0,None,1593297249,Town,670
Avanos,1,4,50,671,0,0,None,1593297249,Town,671
Derinkuyu,1,4,50,672,0,0,None,1593297249,Town,672
Gülşehir,1,4,50,673,0,0,None,1593297249,Town,673
Hacıbektaş,1,4,50,674,0,0,None,1593297249,Town,674
Kozaklı,1,4,50,675,0,0,None,1593297249,Town,675
Ürgüp,1,4,50,676,0,0,None,1593297249,Town,676
Niğde Merkez,1,4,51,677,0,0,None,1593297249,Town,677
Altunhisar,1,4,51,678,0,0,None,1593297249,Town,678
Bor,1,4,51,679,0,0,None,1593297249,Town,679
Akyurt,1,4,6,67,0,0,None,1593297249,Town,67
Çamardı,1,4,51,680,0,0,None,1593297249,Town,680
Ulukışla,1,4,51,682,0,0,None,1593297249,Town,682
Akkuş,1,1,52,684,0,0,None,1593297249,Town,684
Aybastı,1,1,52,685,0,0,None,1593297249,Town,685
Çamaş,1,1,52,686,0,0,None,1593297249,Town,686
Çatalpınar,1,1,52,687,0,0,None,1593297249,Town,687
Çaybaşı,1,1,52,688,0,0,None,1593297249,Town,688
Fatsa,1,1,52,689,0,0,None,1593297249,Town,689
Ayaş,1,4,6,68,0,0,None,1593297249,Town,68
Gölköy,1,1,52,690,0,0,None,1593297249,Town,690
Gülyalı,1,1,52,691,0,0,None,1593297249,Town,691
Gürgentepe,1,1,52,692,0,0,None,1593297249,Town,692
İkizce,1,1,52,693,0,0,None,1593297249,Town,693
Kabataş,1,1,52,695,0,0,None,1593297249,Town,695
Korgan,1,1,52,696,0,0,None,1593297249,Town,696
Kumru,1,1,52,697,0,0,None,1593297249,Town,697
Mesudiye,1,1,52,698,0,0,None,1593297249,Town,698
Perşembe,1,1,52,699,0,0,None,1593297249,Town,699
Bala,1,4,6,69,0,0,None,1593297249,Town,69
Ceyhan,1,3,1,6,0,0,None,1593297249,Town,6
Ulubey,1,1,52,700,0,0,None,1593297249,Town,700
Ünye,1,1,52,701,0,0,None,1593297249,Town,701
Rize Merkez,1,1,53,702,0,0,None,1593297249,Town,702
Ardeşen,1,1,53,703,0,0,None,1593297249,Town,703
Çamlıhemşin,1,1,53,704,0,0,None,1593297249,Town,704
Çayeli,1,1,53,705,0,0,None,1593297249,Town,705
Derepazarı,1,1,53,706,0,0,None,1593297249,Town,706
Fındıklı,1,1,53,707,0,0,None,1593297249,Town,707
Güneysu,1,1,53,708,0,0,None,1593297249,Town,708
Hemşin,1,1,53,709,0,0,None,1593297249,Town,709
Beypazarı,1,4,6,70,0,0,None,1593297249,Town,70
İkizdere,1,1,53,710,0,0,None,1593297249,Town,710
İyidere,1,1,53,711,0,0,None,1593297249,Town,711
Kalkandere,1,1,53,712,0,0,None,1593297249,Town,712
Pazar,1,1,53,713,0,0,None,1593297249,Town,713
Adapazarı,1,0,54,714,0,0,None,1593297249,Town,714
Hendek,1,0,54,715,0,0,None,1593297249,Town,715
Arifiye,1,0,54,716,0,0,None,1593297249,Town,716
Erenler,1,0,54,717,0,0,None,1593297249,Town,717
Serdivan,1,0,54,718,0,0,None,1593297249,Town,718
Akyazı,1,0,54,719,0,0,None,1593297249,Town,719
Çamlıdere,1,4,6,71,0,0,None,1593297249,Town,71
Ferizli,1,0,54,720,0,0,None,1593297249,Town,720
Geyve,1,0,54,721,0,0,None,1593297249,Town,721
Karapürçek,1,0,54,722,0,0,None,1593297249,Town,722
Karasu,1,0,54,723,0,0,None,1593297249,Town,723
Kaynarca,1,0,54,724,0,0,None,1593297249,Town,724
Kocaali,1,0,54,725,0,0,None,1593297249,Town,725
Pamukova,1,0,54,726,0,0,None,1593297249,Town,726
Sapanca,1,0,54,727,0,0,None,1593297249,Town,727
Söğütlü,1,0,54,728,0,0,None,1593297249,Town,728
Taraklı,1,0,54,729,0,0,None,1593297249,Town,729
Çubuk,1,4,6,72,0,0,None,1593297249,Town,72
Atakum,1,1,55,730,0,0,None,1593297249,Town,730
İlkadım,1,1,55,731,0,0,None,1593297249,Town,731
Canik,1,1,55,732,0,0,None,1593297249,Town,732
Tekkeköy,1,1,55,733,0,0,None,1593297249,Town,733
Alaçam,1,1,55,734,0,0,None,1593297249,Town,734
Asarcık,1,1,55,735,0,0,None,1593297249,Town,735
Ayvacık,1,1,55,736,0,0,None,1593297249,Town,736
Bafra,1,1,55,737,0,0,None,1593297249,Town,737
Çarşamba,1,1,55,738,0,0,None,1593297249,Town,738
Havza,1,1,55,739,0,0,None,1593297249,Town,739
Elmadağ,1,4,6,73,0,0,None,1593297249,Town,73
Kavak,1,1,55,740,0,0,None,1593297249,Town,740
Ladik,1,1,55,741,0,0,None,1593297249,Town,741
19 Mayıs,1,1,55,742,0,0,None,1593297249,Town,742
Salıpazarı,1,1,55,743,0,0,None,1593297249,Town,743
Terme,1,1,55,744,0,0,None,1593297249,Town,744
Vezirköprü,1,1,55,745,0,0,None,1593297249,Town,745
Yakakent,1,1,55,746,0,0,None,1593297249,Town,746
Siirt Merkez,1,6,56,747,0,0,None,1593297249,Town,747
Baykan,1,6,56,748,0,0,None,1593297249,Town,748
Eruh,1,6,56,749,0,0,None,1593297249,Town,749
Evren,1,4,6,74,0,0,None,1593297249,Town,74
Kurtalan,1,6,56,750,0,0,None,1593297249,Town,750
Pervari,1,6,56,751,0,0,None,1593297249,Town,751
Şirvan,1,6,56,753,0,0,None,1593297249,Town,753
Sinop Merkez,1,1,57,754,0,0,None,1593297249,Town,754
Ayancık,1,1,57,755,0,0,None,1593297249,Town,755
Boyabat,1,1,57,756,0,0,None,1593297249,Town,756
Dikmen,1,1,57,757,0,0,None,1593297249,Town,757
Durağan,1,1,57,758,0,0,None,1593297249,Town,758
Erfelek,1,1,57,759,0,0,None,1593297249,Town,759
Güdül,1,4,6,75,0,0,None,1593297249,Town,75
Gerze,1,1,57,760,0,0,None,1593297249,Town,760
Saraydüzü,1,1,57,761,0,0,None,1593297249,Town,761
Türkeli,1,1,57,762,0,0,None,1593297249,Town,762
Sivas Merkez,1,4,58,763,0,0,None,1593297249,Town,763
Akıncılar,1,4,58,764,0,0,None,1593297249,Town,764
Altınyayla,1,4,58,765,0,0,None,1593297249,Town,765
Divriği,1,4,58,766,0,0,None,1593297249,Town,766
Doğanşar,1,4,58,767,0,0,None,1593297249,Town,767
Gemerek,1,4,58,768,0,0,None,1593297249,Town,768
Gölova,1,4,58,769,0,0,None,1593297249,Town,769
Haymana,1,4,6,76,0,0,None,1593297249,Town,76
Gürün,1,4,58,770,0,0,None,1593297249,Town,770
Hafik,1,4,58,771,0,0,None,1593297249,Town,771
İmranlı,1,4,58,772,0,0,None,1593297249,Town,772
Kangal,1,4,58,773,0,0,None,1593297249,Town,773
Koyulhisar,1,4,58,774,0,0,None,1593297249,Town,774
Suşehri,1,4,58,775,0,0,None,1593297249,Town,775
Şarkışla,1,4,58,776,0,0,None,1593297249,Town,776
Ulaş,1,4,58,777,0,0,None,1593297249,Town,777
Yıldızeli,1,4,58,778,0,0,None,1593297249,Town,778
Zara,1,4,58,779,0,0,None,1593297249,Town,779
Kalecik,1,4,6,77,0,0,None,1593297249,Town,77
Çerkezköy,1,0,59,781,0,0,None,1593297249,Town,781
Çorlu,1,0,59,782,0,0,None,1593297249,Town,782
Hayrabolu,1,0,59,783,0,0,None,1593297249,Town,783
Malkara,1,0,59,784,0,0,None,1593297249,Town,784
Marmaraereğlisi,1,0,59,785,0,0,None,1593297249,Town,785
Muratlı,1,0,59,786,0,0,None,1593297249,Town,786
Saray,1,0,59,787,0,0,None,1593297249,Town,787
Şarköy,1,0,59,788,0,0,None,1593297249,Town,788
Tokat Merkez,1,1,60,789,0,0,None,1593297249,Town,789
Kahramankazan,1,4,6,78,0,0,None,1593297249,Town,78
Almus,1,1,60,790,0,0,None,1593297249,Town,790
Artova,1,1,60,791,0,0,None,1593297249,Town,791
Başçiftlik,1,1,60,792,0,0,None,1593297249,Town,792
Erbaa,1,1,60,793,0,0,None,1593297249,Town,793
Niksar,1,1,60,794,0,0,None,1593297249,Town,794
Pazar,1,1,60,795,0,0,None,1593297249,Town,795
Reşadiye,1,1,60,796,0,0,None,1593297249,Town,796
Sulusaray,1,1,60,797,0,0,None,1593297249,Town,797
Turhal,1,1,60,798,0,0,None,1593297249,Town,798
Yeşilyurt,1,1,60,799,0,0,None,1593297249,Town,799
Kızılcahamam,1,4,6,79,0,0,None,1593297249,Town,79
Feke,1,3,1,7,0,0,None,1593297249,Town,7
Zile,1,1,60,800,0,0,None,1593297249,Town,800
Akçaabat,1,1,61,802,0,0,None,1593297249,Town,802
Araklı,1,1,61,803,0,0,None,1593297249,Town,803
Arsin,1,1,61,804,0,0,None,1593297249,Town,804
Beşikdüzü,1,1,61,805,0,0,None,1593297249,Town,805
Çarşıbaşı,1,1,61,806,0,0,None,1593297249,Town,806
Çaykara,1,1,61,807,0,0,None,1593297249,Town,807
Dernekpazarı,1,1,61,808,0,0,None,1593297249,Town,808
Düzköy,1,1,61,809,0,0,None,1593297249,Town,809
Nallıhan,1,4,6,80,0,0,None,1593297249,Town,80
Hayrat,1,1,61,810,0,0,None,1593297249,Town,810
Köprübaşı,1,1,61,811,0,0,None,1593297249,Town,811
Maçka,1,1,61,812,0,0,None,1593297249,Town,812
Of,1,1,61,813,0,0,None,1593297249,Town,813
Sürmene,1,1,61,814,0,0,None,1593297249,Town,814
Şalpazarı,1,1,61,815,0,0,None,1593297249,Town,815
Tonya,1,1,61,816,0,0,None,1593297249,Town,816
Vakfıkebir,1,1,61,817,0,0,None,1593297249,Town,817
Yomra,1,1,61,818,0,0,None,1593297249,Town,818
Tunceli Merkez,1,5,62,819,0,0,None,1593297249,Town,819
Polatlı,1,4,6,81,0,0,None,1593297249,Town,81
Çemişgezek,1,5,62,820,0,0,None,1593297249,Town,820
Hozat,1,5,62,821,0,0,None,1593297249,Town,821
Mazgirt,1,5,62,822,0,0,None,1593297249,Town,822
Nazımiye,1,5,62,823,0,0,None,1593297249,Town,823
Ovacık,1,5,62,824,0,0,None,1593297249,Town,824
Pertek,1,5,62,825,0,0,None,1593297249,Town,825
Pülümür,1,5,62,826,0,0,None,1593297249,Town,826
Akçakale,1,6,63,828,0,0,None,1593297249,Town,828
Birecik,1,6,63,829,0,0,None,1593297249,Town,829
Şereflikoçhisar,1,4,6,82,0,0,None,1593297249,Town,82
Bozova,1,6,63,830,0,0,None,1593297249,Town,830
Ceylanpınar,1,6,63,831,0,0,None,1593297249,Town,831
Halfeti,1,6,63,832,0,0,None,1593297249,Town,832
Harran,1,6,63,833,0,0,None,1593297249,Town,833
Hilvan,1,6,63,834,0,0,None,1593297249,Town,834
Siverek,1,6,63,835,0,0,None,1593297249,Town,835
Suruç,1,6,63,836,0,0,None,1593297249,Town,836
Viranşehir,1,6,63,837,0,0,None,1593297249,Town,837
Uşak Merkez,1,2,64,838,0,0,None,1593297249,Town,838
Banaz,1,2,64,839,0,0,None,1593297249,Town,839
Muratpaşa,1,3,7,83,0,0,None,1593297249,Town,83
Eşme,1,2,64,840,0,0,None,1593297249,Town,840
Karahallı,1,2,64,841,0,0,None,1593297249,Town,841
Sivaslı,1,2,64,842,0,0,None,1593297249,Town,842
Ulubey,1,2,64,843,0,0,None,1593297249,Town,843
Bahçesaray,1,5,65,845,0,0,None,1593297249,Town,845
Başkale,1,5,65,846,0,0,None,1593297249,Town,846
Çaldıran,1,5,65,847,0,0,None,1593297249,Town,847
Çatak,1,5,65,848,0,0,None,1593297249,Town,848
Edremit,1,5,65,849,0,0,None,1593297249,Town,849
Kepez,1,3,7,84,0,0,None,1593297249,Town,84
Erciş,1,5,65,850,0,0,None,1593297249,Town,850
Gevaş,1,5,65,851,0,0,None,1593297249,Town,851
Gürpınar,1,5,65,852,0,0,None,1593297249,Town,852
Muradiye,1,5,65,853,0,0,None,1593297249,Town,853
Özalp,1,5,65,854,0,0,None,1593297249,Town,854
Saray,1,5,65,855,0,0,None,1593297249,Town,855
Yozgat Merkez,1,4,66,856,0,0,None,1593297249,Town,856
Akdağmadeni,1,4,66,857,0,0,None,1593297249,Town,857
Aydıncık,1,4,66,858,0,0,None,1593297249,Town,858
Boğazlıyan,1,4,66,859,0,0,None,1593297249,Town,859
Konyaaltı,1,3,7,85,0,0,None,1593297249,Town,85
Çandır,1,4,66,860,0,0,None,1593297249,Town,860
Çayıralan,1,4,66,861,0,0,None,1593297249,Town,861
Çekerek,1,4,66,862,0,0,None,1593297249,Town,862
Kadışehri,1,4,66,863,0,0,None,1593297249,Town,863
Saraykent,1,4,66,864,0,0,None,1593297249,Town,864
Sarıkaya,1,4,66,865,0,0,None,1593297249,Town,865
Sorgun,1,4,66,866,0,0,None,1593297249,Town,866
Şefaatli,1,4,66,867,0,0,None,1593297249,Town,867
Yenifakılı,1,4,66,868,0,0,None,1593297249,Town,868
Yerköy,1,4,66,869,0,0,None,1593297249,Town,869
Aksu,1,3,7,86,0,0,None,1593297249,Town,86
Zonguldak Merkez,1,1,67,870,0,0,None,1593297249,Town,870
Alaplı,1,1,67,871,0,0,None,1593297249,Town,871
Çaycuma,1,1,67,872,0,0,None,1593297249,Town,872
Devrek,1,1,67,873,0,0,None,1593297249,Town,873
Ereğli,1,1,67,874,0,0,None,1593297249,Town,874
Gökçebey,1,1,67,875,0,0,None,1593297249,Town,875
Aksaray Merkez,1,4,68,876,0,0,None,1593297249,Town,876
Ağaçören,1,4,68,877,0,0,None,1593297249,Town,877
Eskil,1,4,68,878,0,0,None,1593297249,Town,878
Gülağaç,1,4,68,879,0,0,None,1593297249,Town,879
Döşemealtı,1,3,7,87,0,0,None,1593297249,Town,87
Güzelyurt,1,4,68,880,0,0,None,1593297249,Town,880
Ortaköy,1,4,68,881,0,0,None,1593297249,Town,881
Sarıyahşi,1,4,68,882,0,0,None,1593297249,Town,882
Bayburt Merkez,1,1,69,883,0,0,None,1593297249,Town,883
Aydıntepe,1,1,69,884,0,0,None,1593297249,Town,884
Demirözü,1,1,69,885,0,0,None,1593297249,Town,885
Karaman Merkez,1,4,70,886,0,0,None,1593297249,Town,886
Ayrancı,1,4,70,887,0,0,None,1593297249,Town,887
Başyayla,1,4,70,888,0,0,None,1593297249,Town,888
Ermenek,1,4,70,889,0,0,None,1593297249,Town,889
Akseki,1,3,7,88,0,0,None,1593297249,Town,88
Kazımkarabekir,1,4,70,890,0,0,None,1593297249,Town,890
Sarıveliler,1,4,70,891,0,0,None,1593297249,Town,891
Kırıkkale Merkez,1,4,71,892,0,0,None,1593297249,Town,892
Bahşili,1,4,71,893,0,0,None,1593297249,Town,893
Balışeyh,1,4,71,894,0,0,None,1593297249,Town,894
Çelebi,1,4,71,895,0,0,None,1593297249,Town,895
Delice,1,4,71,896,0,0,None,1593297249,Town,896
Karakeçili,1,4,71,897,0,0,None,1593297249,Town,897
Keskin,1,4,71,898,0,0,None,1593297249,Town,898
Sulakyurt,1,4,71,899,0,0,None,1593297249,Town,899
Alanya,1,3,7,89,0,0,None,1593297249,Town,89
İmamoğlu,1,3,1,8,0,0,None,1593297249,Town,8
Yahşihan,1,4,71,900,0,0,None,1593297249,Town,900
Batman Merkez,1,6,72,901,0,0,None,1593297249,Town,901
Beşiri,1,6,72,902,0,0,None,1593297249,Town,902
Gercüş,1,6,72,903,0,0,None,1593297249,Town,903
Hasankeyf,1,6,72,904,0,0,None,1593297249,Town,904
Kozluk,1,6,72,905,0,0,None,1593297249,Town,905
Sason,1,6,72,906,0,0,None,1593297249,Town,906
Şırnak Merkez,1,6,73,907,0,0,None,1593297249,Town,907
Beytüşşebap,1,6,73,908,0,0,None,1593297249,Town,908
Cizre,1,6,73,909,0,0,None,1593297249,Town,909
Elmalı,1,3,7,90,0,0,None,1593297249,Town,90
Güçlükonak,1,6,73,910,0,0,None,1593297249,Town,910
İdil,1,6,73,911,0,0,None,1593297249,Town,911
Silopi,1,6,73,912,0,0,None,1593297249,Town,912
Uludere,1,6,73,913,0,0,None,1593297249,Town,913
Bartın Merkez,1,1,74,914,0,0,None,1593297249,Town,914
Amasra,1,1,74,915,0,0,None,1593297249,Town,915
Kurucaşile,1,1,74,916,0,0,None,1593297249,Town,916
Ulus,1,1,74,917,0,0,None,1593297249,Town,917
Ardahan Merkez,1,5,75,918,0,0,None,1593297249,Town,918
Çıldır,1,5,75,919,0,0,None,1593297249,Town,919
Finike,1,3,7,91,0,0,None,1593297249,Town,91
Damal,1,5,75,920,0,0,None,1593297249,Town,920
Göle,1,5,75,921,0,0,None,1593297249,Town,921
Hanak,1,5,75,922,0,0,None,1593297249,Town,922
Posof,1,5,75,923,0,0,None,1593297249,Town,923
Iğdır Merkez,1,5,76,924,0,0,None,1593297249,Town,924
Aralık,1,5,76,925,0,0,None,1593297249,Town,925
Karakoyunlu,1,5,76,926,0,0,None,1593297249,Town,926
Tuzluca,1,5,76,927,0,0,None,1593297249,Town,927
Yalova Merkez,1,0,77,928,0,0,None,1593297249,Town,928
Altınova,1,0,77,929,0,0,None,1593297249,Town,929
Gazipaşa,1,3,7,92,0,0,None,1593297249,Town,92
Armutlu,1,0,77,930,0,0,None,1593297249,Town,930
Çiftlikköy,1,0,77,931,0,0,None,1593297249,Town,931
Çınarcık,1,0,77,932,0,0,None,1593297249,Town,932
Termal,1,0,77,933,0,0,None,1593297249,Town,933
Karabük Merkez,1,1,78,934,0,0,None,1593297249,Town,934
Eflani,1,1,78,935,0,0,None,1593297249,Town,935
Eskipazar,1,1,78,936,0,0,None,1593297249,Town,936
Ovacık,1,1,78,937,0,0,None,1593297249,Town,937
Safranbolu,1,1,78,938,0,0,None,1593297249,Town,938
Yenice,1,1,78,939,0,0,None,1593297249,Town,939
Gündoğmuş,1,3,7,93,0,0,None,1593297249,Town,93
Kilis Merkez,1,6,79,940,0,0,None,1593297249,Town,940
Elbeyli,1,6,79,941,0,0,None,1593297249,Town,941
Musabeyli,1,6,79,942,0,0,None,1593297249,Town,942
Polateli,1,6,79,943,0,0,None,1593297249,Town,943
Osmaniye Merkez,1,3,80,944,0,0,None,1593297249,Town,944
Bahçe,1,3,80,945,0,0,None,1593297249,Town,945
Düziçi,1,3,80,946,0,0,None,1593297249,Town,946
Hasanbeyli,1,3,80,947,0,0,None,1593297249,Town,947
Kadirli,1,3,80,948,0,0,None,1593297249,Town,948
Sumbas,1,3,80,949,0,0,None,1593297249,Town,949
İbradı,1,3,7,94,0,0,None,1593297249,Town,94
Toprakkale,1,3,80,950,0,0,None,1593297249,Town,950
Düzce Merkez,1,1,81,951,0,0,None,1593297249,Town,951
Akçakoca,1,1,81,952,0,0,None,1593297249,Town,952
Cumayeri,1,1,81,953,0,0,None,1593297249,Town,953
Çilimli,1,1,81,954,0,0,None,1593297249,Town,954
Gölyaka,1,1,81,955,0,0,None,1593297249,Town,955
Gümüşova,1,1,81,956,0,0,None,1593297249,Town,956
Kaynaşlı,1,1,81,957,0,0,None,1593297249,Town,957
Yığılca,1,1,81,958,0,0,None,1593297249,Town,958
Demre,1,3,7,95,0,0,None,1593297249,Town,95
Kaş,1,3,7,96,0,0,None,1593297249,Town,96
Kemer,1,3,7,97,0,0,None,1593297249,Town,97
Korkuteli,1,3,7,98,0,0,None,1593297249,Town,98
Kumluca,1,3,7,99,0,0,None,1593297249,Town,99
Karaisalı,1,3,1,9,0,0,None,1593297249,Town,9
