"Sıra.No";"IL";"ILCE";"MAHALLE";"NA."
1;"Adana";"Ceyhan";"BOTA MAHALLESİ";NA
2;"Adana";"Çukurova";"MEMİŞLİ MAHALLESİ";NA
3;"Adana";"Çukurova";"FADIL MAHALLESİ";NA
4;"Adana";"Çukurova";"BOZCALAR MAHALLESİ";NA
5;"Adana";"Çukurova";"ÖRCÜN MAHALLESİ";NA
6;"Adana";"Çukurova";"KÜÇÜKÇINAR MAHALLESİ";NA
7;"Adana";"Karataş";"TABAKLAR MAHALLESİ";NA
8;"Adana";"Karataş";"ÇAVUŞLU MAHALLESİ";NA
9;"Adana";"Karataş";"KARAGÖÇER MAHALLESİ";NA
10;"Adana";"Karataş";"ATAKÖY MAHALLESİ";NA
11;"Adana";"Karataş";"BEBELİ MAHALLESİ";NA
12;"Adana";"Karataş";"KAPI MAHALLESİ";NA
13;"Adana";"Karataş";"YENİ MAHALLESİ";NA
14;"Adana";"Karataş";"BAHÇE MAHALLESİ";NA
15;"Adana";"Kozan";"AKARCA MAHALLESİ";NA
16;"Adana";"Sarıçam";"İSTİKLAL MAHALLESİ";NA
17;"Adana";"Sarıçam";"BALCALI MAHALLESİ";NA
18;"Adana";"Seyhan";"ÇAPUTÇU MAHALLESİ";NA
19;"Adana";"Seyhan";"YEŞİLYUVA MAHALLESİ";NA
20;"Adana";"Seyhan";"BEŞOCAK MAHALLESİ";NA
21;"Adana";"Seyhan";"KOCAVEZİR MAHALLESİ";NA
22;"Adana";"Seyhan";"TEPEBAĞ MAHALLESİ";NA
23;"Adana";"Seyhan";"MİRZAÇELEBİ MAHALLESİ";NA
24;"Adana";"Seyhan";"KURUKÖPRÜ MAHALLESİ";NA
25;"Adana";"Seyhan";"ULUCAMİİ MAHALLESİ";NA
26;"Adana";"Seyhan";"ALİDEDE MAHALLESİ";NA
27;"Adana";"Seyhan";"KARASOKU MAHALLESİ";NA
28;"Adana";"Seyhan";"GÜLPINAR MAHALLESİ";NA
29;"Adana";"Seyhan";"HANEDAN MAHALLESİ";NA
30;"Adana";"Seyhan";"MESTANZADE MAHALLESİ";NA
31;"Adana";"Seyhan";"HÜRRİYET MAHALLESİ";NA
32;"Adana";"Seyhan";"SARIYAKUP MAHALLESİ";NA
33;"Adana";"Seyhan";"MEYDAN MAHALLESİ";NA
34;"Adana";"Seyhan";"ŞEHİTDURAN MAHALLESİ";NA
35;"Adana";"Seyhan";"KAYALIBAĞ MAHALLESİ";NA
36;"Adana";"Seyhan";"DUMLUPINAR MAHALLESİ";NA
37;"Adana";"Seyhan";"TÜRKOCAĞI MAHALLESİ";NA
38;"Adana";"Seyhan";"SUCUZADE MAHALLESİ";NA
39;"Adana";"Seyhan";"YENİBEY MAHALLESİ";NA
40;"Adana";"Seyhan";"DÖRTAĞAÇ MAHALLESİ";NA
41;"Adana";"Seyhan";"KAYIŞLI MAHALLESİ";NA
42;"Adana";"Seyhan";"HURMALI MAHALLESİ";NA
43;"Adana";"Seyhan";"İSTİKLAL MAHALLESİ";NA
44;"Adana";"Seyhan";"ONUR MAHALLESİ";NA
45;"Adana";"Seyhan";"DENİZLİ MAHALLESİ";NA
46;"Adana";"Yumurtalık";"HAMZALI MAHALLESİ";NA
47;"Adana";"Yumurtalık";"KIRMIZIDAM MAHALLESİ";NA
48;"Adana";"Yumurtalık";"KUZUPINARI MAHALLESİ";NA
49;"Adana";"Yüreğir";"YEŞİL BAĞLAR MAHALLESİ";NA
50;"Adana";"Yüreğir";"DOĞANKENT CUMHURİYET MAHALLESİ";NA
51;"Adana";"Yüreğir";"BAHÇELİEVLER MAHALLESİ";NA
52;"Adana";"Yüreğir";"GAZİPAŞA MAHALLESİ";NA
53;"Adana";"Yüreğir";"DÜZCE MAHALLESİ";NA
54;"Adana";"Yüreğir";"SOLAKLI CUMHURİYET MAHALLESİ";NA
55;"Adana";"Yüreğir";"BAŞAK MAHALLESİ";NA
56;"Adana";"Yüreğir";"YUNUS EMRE MAHALLESİ";NA
57;"Adana";"Yüreğir";"KÖPRÜGÖZÜ MAHALLESİ";NA
58;"Adana";"Yüreğir";"DEDE KORKUT MAHALLESİ";NA
59;"Adana";"Yüreğir";"YUNUSOĞLU HÜRRİYET MAHALLESİ";NA
60;"Adana";"Yüreğir";"PEKMEZLİ MAHALLESİ";NA
61;"Adana";"Yüreğir";"AYDINCIK MAHALLESİ";NA
62;"Adana";"Yüreğir";"GÖKÇELİ MAHALLESİ";NA
63;"Adana";"Yüreğir";"KADIKÖY MAHALLESİ";NA
64;"Adana";"Yüreğir";"YERDELEN MAHALLESİ";NA
65;"Adana";"Yüreğir";"YALNIZCA MAHALLESİ";NA
66;"Adana";"Yüreğir";"ÇAĞIRKANLI MAHALLESİ";NA
67;"Adana";"Yüreğir";"SAZAK MAHALLESİ";NA
68;"Adana";"Yüreğir";"KİREMİTHANE MAHALLESİ";NA
69;"Adana";"Yüreğir";"19 MAYIS MAHALLESİ";NA
70;"Adana";"Yüreğir";"SİNANPAŞA MAHALLESİ";NA
71;"Adana";"Yüreğir";"KOZA MAHALLESİ";NA
72;"Adana";"Yüreğir";"ANADOLU MAHALLESİ";NA
73;"Adana";"Yüreğir";"SARIÇAM MAHALLESİ";NA
74;"Adana";"Yüreğir";"DOĞANKENT KIŞLA MAHALLESİ";NA
75;"Adana";"Yüreğir";"CUMHURİYET MAHALLESİ";NA
76;"Adıyaman";"Adıyaman Merkez";"AKPINAR KÖYÜ, MALOĞLU MEZRASI";NA
77;"Adıyaman";"Adıyaman Merkez";"AKDERE KÖYÜ, AKINCILAR (ÇERÇİYAN) MEZRASI";NA
78;"Adıyaman";"Adıyaman Merkez";"ULUCAMİ MAHALLESİ";NA
79;"Adıyaman";"Adıyaman Merkez";"KAPCAMİ MAHALLESİ";NA
80;"Adıyaman";"Adıyaman Merkez";"GÖZEBAŞI KÖYÜ, MADUN MEZRASI";NA
81;"Adıyaman";"Adıyaman Merkez";"KAYALI KÖYÜ";NA
82;"Adıyaman";"Adıyaman Merkez";"MARA MAHALLESİ";NA
83;"Adıyaman";"Adıyaman Merkez";"MUSALLA MAHALLESİ";NA
84;"Adıyaman";"Adıyaman Merkez";"BEBEK KÖYÜ, MAZLIK MEZRASI";NA
85;"Adıyaman";"Adıyaman Merkez";"LOKMAN KÖYÜ";NA
86;"Adıyaman";"Adıyaman Merkez";"SIRATUT MAHALLESİ";NA
87;"Adıyaman";"Adıyaman Merkez";"ESKİHÜSNÜMANSUR KÖYÜ";NA
88;"Adıyaman";"Besni";"DUMLUPINAR MAHALLESİ";NA
89;"Adıyaman";"Besni";"CİRİT MEYDANI MAHALLESİ";NA
90;"Adıyaman";"Besni";"YENİ BESNİ MAHALLESİ";NA
91;"Adıyaman";"Çelikhan";"AKSU KÖYÜ, DEVEBOYNU MEZRASI";NA
92;"Adıyaman";"Kahta";"TURANLI KÖYÜ, BÜYÜTME MEVKİİ";NA
93;"Adıyaman";"Kahta";"ÇAYBAŞI KÖYÜ, DUMANLI MEZRASI";NA
94;"Adıyaman";"Samsat";"UZUNTEPE KÖYÜ, AĞAKÖY MEZRASI";NA
95;"Afyonkarahisar";"Afyonkarahisar Merkez";"CUMHURİYET MAHALLESİ";NA
96;"Afyonkarahisar";"Afyonkarahisar Merkez";"AFYONKARAHİSAR OSB MAHALLESİ";NA
97;"Afyonkarahisar";"Afyonkarahisar Merkez";"ERENLER MAHALLESİ";NA
98;"Afyonkarahisar";"Afyonkarahisar Merkez";"ZAFER MAHALLESİ";NA
99;"Afyonkarahisar";"Afyonkarahisar Merkez";"YUNUS EMRE MAHALLESİ";NA
100;"Afyonkarahisar";"Afyonkarahisar Merkez";"MECİDİYE MAHALLESİ";NA
101;"Afyonkarahisar";"Afyonkarahisar Merkez";"MARULCU MAHALLESİ";NA
102;"Afyonkarahisar";"Afyonkarahisar Merkez";"DAİRECEP MAHALLESİ";NA
103;"Afyonkarahisar";"Afyonkarahisar Merkez";"FAKIPAŞA MAHALLESİ";NA
104;"Afyonkarahisar";"Afyonkarahisar Merkez";"BURHANİYE KÖYÜ";NA
105;"Afyonkarahisar";"Afyonkarahisar Merkez";"SAADET KÖYÜ";NA
106;"Afyonkarahisar";"Afyonkarahisar Merkez";"YARENLER MAHALLESİ";NA
107;"Afyonkarahisar";"Afyonkarahisar Merkez";"SÜMER MAHALLESİ";NA
108;"Afyonkarahisar";"Dinar";"YÜKSEL KÖYÜ, SAĞBAŞLI MEVKİİ";NA
109;"Afyonkarahisar";"Dinar";"CAMİKEBİR MAHALLESİ";NA
110;"Afyonkarahisar";"Dinar";"YÜKSEL KÖYÜ, AKKANATLI MEVKİİ";NA
111;"Afyonkarahisar";"Dinar";"ÇAKICI KÖYÜ";NA
112;"Afyonkarahisar";"Dinar";"TOPTEPE MAHALLESİ";NA
113;"Afyonkarahisar";"Dinar";"ÜÇLERCE MAHALLESİ";NA
114;"Afyonkarahisar";"Emirdağ";"TEPEKÖY KÖYÜ";NA
115;"Ağrı";"Patnos";"YÜNCÜLER KÖYÜ";NA
116;"Aksaray";"Aksaray Merkez";"ZİNCİRLİ MAHALLESİ";NA
117;"Aksaray";"Aksaray Merkez";"MİNARECİK MAHALLESİ";NA
118;"Aksaray";"Aksaray Merkez";"DERE MAHALLESİ";NA
119;"Aksaray";"Aksaray Merkez";"HAMİDİYE MAHALLESİ";NA
120;"Aksaray";"Aksaray Merkez";"SOFULAR MAHALLESİ";NA
121;"Aksaray";"Aksaray Merkez";"HACIHASANLI MAHALLESİ";NA
122;"Aksaray";"Aksaray Merkez";"MUHSİN ÇELEBİ MAHALLESİ";NA
123;"Aksaray";"Aksaray Merkez";"TAŞPINAR BELDESİ, ERENLER OSB MAHALLESİ";NA
124;"Aksaray";"Eskil";"BAŞARAN KÖYÜ, BUTACI YAYLASI YAYLA EVLERİ";NA
125;"Aksaray";"Eskil";"GÜNEŞLİ KÖYÜ, KARABURUN YAYLASI YAYLA EVLERİ";NA
126;"Aksaray";"Ortaköy / Aksaray";"OĞUZLAR KÖYÜ, OĞUZLAR 2 MEVKİİ";NA
127;"Amasya";"Amasya Merkez";"YÜZEVLER MAHALLESİ";NA
128;"Ankara";"Altındağ";"ÖNDER MAHALLESİ";NA
129;"Ankara";"Altındağ";"ULUBEY MAHALLESİ";NA
130;"Ankara";"Altındağ";"SOLFASOL MAHALLESİ";NA
131;"Ankara";"Altındağ";"ATIFBEY MAHALLESİ";NA
132;"Ankara";"Altındağ";"HACI BAYRAM MAHALLESİ";NA
133;"Ankara";"Beypazarı";"BEYTEPE MAHALLESİ";NA
134;"Ankara";"Beypazarı";"RÜSTEMPAŞA MAHALLESİ";NA
135;"Ankara";"Beypazarı";"ZAFER MAHALLESİ";NA
136;"Ankara";"Beypazarı";"İSTİKLAL MAHALLESİ";NA
137;"Ankara";"Beypazarı";"CUMHURİYET MAHALLESİ";NA
138;"Ankara";"Çankaya";"DEVLET MAHALLESİ";NA
139;"Ankara";"Çankaya";"CUMHURİYET MAHALLESİ";NA
140;"Ankara";"Keçiören";"YEŞİLÖZ MAHALLESİ";NA
141;"Ankara";"Mamak";"BOSTANCIK MAHALLESİ";NA
142;"Ankara";"Mamak";"KÖSTENCE MAHALLESİ";NA
143;"Ankara";"Mamak";"DEMİRLİBAHÇE MAHALLESİ";NA
144;"Ankara";"Mamak";"ŞAFAKTEPE MAHALLESİ";NA
145;"Ankara";"Polatlı";"ESENTEPE MAHALLESİ";NA
146;"Ankara";"Polatlı";"GÜLVEREN MAHALLESİ";NA
147;"Ankara";"Polatlı";"YENİ MAHALLESİ";NA
148;"Ankara";"Sincan";"MALIKÖY BAŞKENT OSB MAHALLESİ";NA
149;"Ankara";"Yenimahalle";"ANADOLU MAHALLESİ";NA
150;"Ankara";"Yenimahalle";"İVEDİKKÖY MAHALLESİ";NA
151;"Ankara";"Yenimahalle";"KARŞIYAKA MAHALLESİ";NA
152;"Antalya";"Alanya";"KARGICAK MAHALLESİ";NA
153;"Antalya";"Alanya";"MAHMUTLAR MAHALLESİ";NA
154;"Antalya";"Alanya";"KESTEL MAHALLESİ";NA
155;"Antalya";"Alanya";"AVSALLAR MAHALLESİ";NA
156;"Antalya";"Döşemealtı";"AOSB2KISIM MAHALLESİ";NA
157;"Antalya";"Döşemealtı";"AOSB3KISIM MAHALLESİ";NA
158;"Antalya";"Konyaaltı";"LİMAN MAHALLESİ";NA
159;"Antalya";"Konyaaltı";"HURMA MAHALLESİ";NA
160;"Antalya";"Konyaaltı";"SARISU MAHALLESİ";NA
161;"Antalya";"Muratpaşa";"TOPÇULAR MAHALLESİ";NA
162;"Bartın";"Bartın Merkez";"ORTA MAHALLESİ";NA
163;"Bartın";"Bartın Merkez";"KARASU KÖYÜ, İNKUM İSKELE MEVKİİ";NA
164;"Bartın";"Bartın Merkez";"GÜZELCEHİSAR KÖYÜ, İNKUM YENİ MAHALLESİ";NA
165;"Batman";"Beşiri";"UĞURCA KÖYÜ";NA
166;"Batman";"Beşiri";"ÜÇKUYULAR KÖYÜ";NA
167;"Bayburt";"Bayburt Merkez";"YOLALTI KÖYÜ, YOLALTI OSB MEVKİİ";NA
168;"Bilecik";"Bilecik Merkez";"BAŞKÖY KÖYÜ, MÜCAVİR DIŞI MEVKİİ";NA
169;"Bilecik";"Bilecik Merkez";"HÜRRİYET 2.OSB MAHALLESİ";NA
170;"Bilecik";"Bilecik Merkez";"İSTİKLAL MAHALLESİ";NA
171;"Bilecik";"Söğüt";"ÇALTI KÖYÜ, ŞEN MEVKİİ";NA
172;"Bingöl";"Genç";"YENİYAZI KÖYÜ, FIRAT MEZRASI";NA
173;"Bolu";"Bolu Merkez";"FASIL KÖYÜ, URAN MEVKİİ";NA
174;"Bolu";"Bolu Merkez";"PELİTCİK KÖYÜ, ŞABANLAR MEVKİİ";NA
175;"Bolu";"Bolu Merkez";"BÜYÜKCAMİ MAHALLESİ";NA
176;"Bolu";"Dörtdivan";"DOĞANCILAR KÖYÜ, GEREDE YOLU MEVKİİ";NA
177;"Bolu";"Gerede";"YAKAKAYA KÖYÜ, YUNUSLAR  MEVKİİ";NA
178;"Bolu";"Gerede";"ORTA MAHALLESİ";NA
179;"Bolu";"Gerede";"BAHÇEDERE KÖYÜ, MERKEZ MEVKİİ";NA
180;"Bolu";"Mengen";"KUZGÖL KÖYÜ, YILDIZ MEVKİİ";NA
181;"Bolu";"Mengen";"TEBERİKLER KÖYÜ, YONSAKLAR MEVKİİ";NA
182;"Bolu";"Mudurnu";"SÜRMELİ KÖYÜ, ÇAYIRALTI MEVKİİ";NA
183;"Burdur";"Bucak";"ÇAMLICAOSB MAHALLESİ";NA
184;"Burdur";"Burdur Merkez";"KUYU MAHALLESİ";NA
185;"Burdur";"Burdur Merkez";"KARASENİR MAHALLESİ";NA
186;"Burdur";"Burdur Merkez";"DEĞİRMENLER MAHALLESİ";NA
187;"Burdur";"Burdur Merkez";"İNÖNÜ MAHALLESİ";NA
188;"Burdur";"Burdur Merkez";"KONAK MAHALLESİ";NA
189;"Burdur";"Burdur Merkez";"PAZAR MAHALLESİ";NA
190;"Burdur";"Burdur Merkez";"ÇEŞMEDAMI MAHALLESİ";NA
191;"Burdur";"Çeltikçi";"ÇEBİŞ KÖYÜ, ORTAYOL MEVKİİ";NA
192;"Burdur";"Gölhisar";"SORKUN KÖYÜ";NA
193;"Bursa";"Karacabey";"FEVZİPAŞA MAHALLESİ";NA
194;"Bursa";"Nilüfer";"FETHİYEOSB MAHALLESİ";NA
195;"Bursa";"Osmangazi";"DEMİRTAŞ DUMLUPINAROSB MAHALLESİ";NA
196;"Bursa";"Osmangazi";"SELİMİYE MAHALLESİ";NA
197;"Bursa";"Osmangazi";"HOCAHASAN MAHALLESİ";NA
198;"Bursa";"Osmangazi";"ÇIRPAN MAHALLESİ";NA
199;"Bursa";"Osmangazi";"İNTİZAM MAHALLESİ";NA
200;"Bursa";"Osmangazi";"ALTIPARMAK MAHALLESİ";NA
201;"Bursa";"Osmangazi";"ALACAMESCİT MAHALLESİ";NA
202;"Bursa";"Osmangazi";"AHMETPAŞA MAHALLESİ";NA
203;"Bursa";"Osmangazi";"KİREMİTÇİ MAHALLESİ";NA
204;"Bursa";"Osmangazi";"SANTRAL GARAJ MAHALLESİ";NA
205;"Bursa";"Osmangazi";"DOĞANBEY MAHALLESİ";NA
206;"Bursa";"Osmangazi";"ŞEHABETTİNPAŞA MAHALLESİ";NA
207;"Bursa";"Osmangazi";"KURUÇEŞME MAHALLESİ";NA
208;"Bursa";"Yenişehir / Bursa";"HIDIRBALİ MAHALLESİ";NA
209;"Bursa";"Yıldırım";"ANADOLU MAHALLESİ";NA
210;"Bursa";"Yıldırım";"DUAÇINARI MAHALLESİ";NA
211;"Bursa";"Yıldırım";"BEYAZIT MAHALLESİ";NA
212;"Çanakkale";"Ayvacık / Çanakkale";"ADATEPE KÖYÜ, PINARALTI MEVKİİ";NA
213;"Çanakkale";"Ayvacık / Çanakkale";"PAŞAKÖY KÖYÜ, PAŞAKÖY ALTI MEVKİİ";NA
214;"Çanakkale";"Bayramiç";"BEKİRLER KÖYÜ";NA
215;"Çanakkale";"Biga";"AĞAKÖY KÖYÜ, AĞAKÖY (MÜCAVİR) MEVKİİ";NA
216;"Çanakkale";"Çanakkale Merkez";"IŞIKLAR KÖYÜ, TESTİCİKIRI MEVKİİ";NA
217;"Çanakkale";"Çanakkale Merkez";"KEMALPAŞA MAHALLESİ";NA
218;"Çanakkale";"Gelibolu";"KAVAKKÖY BELDESİ, CUMHURİYET MAHALLESİ";NA
219;"Çanakkale";"Gelibolu";"BURHANLI KÖYÜ, DOĞA MEVKİİ";NA
220;"Çanakkale";"Gelibolu";"ADİLHAN KÖYÜ, BOSTANLIK MEVKİİ";NA
221;"Çanakkale";"Gökçeada";"ŞİRİNKÖY KÖYÜ";NA
222;"Çankırı";"Çankırı Merkez";"İNCİLİ  ÇEŞME MAHALLESİ";NA
223;"Çankırı";"Çankırı Merkez";"AYAN KÖYÜ, MERKEZ MEVKİİ";NA
224;"Çankırı";"Çankırı Merkez";"TABAKHANE MAHALLESİ";NA
225;"Çankırı";"Çerkeş";"ÖRENKÖY KÖYÜ, DERE YAYLA YAYLA EVLERİ";NA
226;"Çankırı";"Çerkeş";"YEŞİLÖZ KÖYÜ, YEŞİLOVA MEVKİİ";NA
227;"Çankırı";"Ilgaz";"ÖDEMİŞ KÖYÜ, SARAY MEVKİİ";NA
228;"Çankırı";"Korgun";"BÜYÜKOSB MAHALLESİ";NA
229;"Çankırı";"Kurşunlu";"SARIALAN KÖYÜ, PINARCIK MEVKİİ";NA
230;"Çankırı";"Şabanözü";"MARTKÖY KÖYÜ, ÇADIR MEVKİİ";NA
231;"Çorum";"Çorum Merkez";"KADIKIRI KÖYÜ, KADIKIRI MÜCAVİR MEVKİİ";NA
232;"Çorum";"Çorum Merkez";"SARIMBEY KÖYÜ, SARIMBEY MÜCAVİR MEVKİİ";NA
233;"Çorum";"Çorum Merkez";"KARAPINAR KÖYÜ, KARAPINAR MÜCAVİR MEVKİİ";NA
234;"Çorum";"Çorum Merkez";"ESKİEKİN KÖYÜ, HARMANTARLA MEVKİİ";NA
235;"Çorum";"Çorum Merkez";"ÇOMARBAŞI KÖYÜ, RIÇVANLAR MEVKİİ";NA
236;"Çorum";"Çorum Merkez";"HAMDİKÖY KÖYÜ, AŞAĞI MEVKİİ";NA
237;"Çorum";"Çorum Merkez";"ÇEPNİ MAHALLESİ";NA
238;"Denizli";"Merkezefendi";"ZAFER MAHALLESİ";NA
239;"Diyarbakır";"Bismil";"KARACIK MAHALLESİ";NA
240;"Diyarbakır";"Bismil";"KARAPINAR MAHALLESİ";NA
241;"Diyarbakır";"Silvan";"ÇOBANTEPE MAHALLESİ";NA
242;"Düzce";"Düzce Merkez";"ORHANGAZİ MAHALLESİ";NA
243;"Düzce";"Düzce Merkez";"BURHANİYE MAHALLESİ";NA
244;"Elazığ";"Baskil";"KARAKAŞ KÖYÜ, YUKARI ATLILAR MEZRASI";NA
245;"Elazığ";"Elazığ Merkez";"ÖKSÜZUŞAĞI KÖYÜ, ALİ ÇAVUŞ MEZRASI";NA
246;"Elazığ";"Elazığ Merkez";"SANAYİ MAHALLESİ";NA
247;"Elazığ";"Elazığ Merkez";"ÇARŞI MAHALLESİ";NA
248;"Elazığ";"Elazığ Merkez";"SÜTLÜCE KÖYÜ";NA
249;"Elazığ";"Elazığ Merkez";"SÜTLÜCE KÖYÜ, SÜTLÜCE MEVKİİ";NA
250;"Elazığ";"Elazığ Merkez";"ALACA KÖYÜ, ALACA(MERKEZ) MEVKİİ";NA
251;"Elazığ";"Elazığ Merkez";"BALLICA KÖYÜ, BALLICA MEVKİİ";NA
252;"Elazığ";"Keban";"BADEMLİ KÖYÜ, SİNO MEZRASI MEZRASI";NA
253;"Elazığ";"Keban";"ALTIYAKA KÖYÜ, DEDE MEZRASI";NA
254;"Elazığ";"Sivrice";"BEKÇİTEPE KÖYÜ, DOĞANLAR MEZRASI";NA
255;"Erzincan";"Erzincan Merkez";"KARAAĞAÇ MAHALLESİ";NA
256;"Erzincan";"İliç";"AĞILDERE KÖYÜ, APUŞTA MEZRASI";NA
257;"Erzincan";"Kemah";"GÖLKAYNAK KÖYÜ, GİNDİRA MEVKİİ";NA
258;"Erzincan";"Tercan";"KONARLI KÖYÜ";NA
259;"Erzincan";"Tercan";"ÇALKIŞLA KÖYÜ";NA
260;"Eskişehir";"Odunpazarı";"75. YIL OSB MAHALLESİ";NA
261;"Eskişehir";"Odunpazarı";"HUZUR MAHALLESİ";NA
262;"Eskişehir";"Tepebaşı";"MUTTALİP ORTA MAHALLESİ";NA
263;"Gaziantep";"Araban";"DUMLUPINAR MAHALLESİ";NA
264;"Gaziantep";"Araban";"MEHMET GÖKÇEK MAHALLESİ";NA
265;"Gaziantep";"İslahiye";"ÖRTÜLÜ MAHALLESİ";NA
266;"Gaziantep";"İslahiye";"HÜRRİYET MAHALLESİ";NA
267;"Gaziantep";"İslahiye";"CEVDETPAŞA MAHALLESİ";NA
268;"Gaziantep";"İslahiye";"FEVZİ ÇAKMAK MAHALLESİ";NA
269;"Gaziantep";"İslahiye";"PINARBAŞI MAHALLESİ";NA
270;"Gaziantep";"İslahiye";"DEĞİRMENCİK MAHALLESİ";NA
271;"Gaziantep";"İslahiye";"ERENLER MAHALLESİ";NA
272;"Gaziantep";"İslahiye";"AYDINLIK MAHALLESİ";NA
273;"Gaziantep";"İslahiye";"BEYLER MAHALLESİ";NA
274;"Gaziantep";"İslahiye";"DERVİŞPAŞA MAHALLESİ";NA
275;"Gaziantep";"İslahiye";"ATATÜRK MAHALLESİ";NA
276;"Gaziantep";"İslahiye";"KIRIKÇALI MAHALLESİ";NA
277;"Gaziantep";"İslahiye";"YENİ MAHALLESİ";NA
278;"Gaziantep";"İslahiye";"HACİ ALİ ÖZTÜRK MAHALLESİ";NA
279;"Gaziantep";"Karkamış";"GÜRÇAY MAHALLESİ";NA
280;"Gaziantep";"Karkamış";"BEŞKILIÇ MAHALLESİ";NA
281;"Gaziantep";"Karkamış";"LOJMANLAR MAHALLESİ";NA
282;"Gaziantep";"Karkamış";"KEPİRLER MAHALLESİ";NA
283;"Gaziantep";"Karkamış";"BALABAN MAHALLESİ";NA
284;"Gaziantep";"Karkamış";"ERENYOLU MAHALLESİ";NA
285;"Gaziantep";"Karkamış";"AKÇAKÖY MAHALLESİ";NA
286;"Gaziantep";"Karkamış";"YARIMCA MAHALLESİ";NA
287;"Gaziantep";"Nizip";"BELKIS (MERKEZ) MAHALLESİ";NA
288;"Gaziantep";"Nizip";"CUMHURİYET MAHALLESİ";NA
289;"Gaziantep";"Nizip";"ŞIHLAR MAHALLESİ";NA
290;"Gaziantep";"Nizip";"SAHA MAHALLESİ";NA
291;"Gaziantep";"Nizip";"TAHTANİ MAHALLESİ";NA
292;"Gaziantep";"Nizip";"ŞAHİNBEY MAHALLESİ";NA
293;"Gaziantep";"Nizip";"İSTASYON MAHALLESİ";NA
294;"Gaziantep";"Nizip";"FEVZİ PAŞA MAHALLESİ";NA
295;"Gaziantep";"Nizip";"HAFIZPAŞA MAHALLESİ";NA
296;"Gaziantep";"Nizip";"PAZAR CAMİİ MAHALLESİ";NA
297;"Gaziantep";"Nizip";"ZEYTİNLİK MAHALLESİ";NA
298;"Gaziantep";"Nizip";"FEVKANİ MAHALLESİ";NA
299;"Gaziantep";"Nizip";"İSTİKLAL MAHALLESİ";NA
300;"Gaziantep";"Nizip";"NAMIK KEMAL MAHALLESİ";NA
301;"Gaziantep";"Nizip";"BELKIS MAHALLESİ";NA
302;"Gaziantep";"Nizip";"TURNALI MAHALLESİ";NA
303;"Gaziantep";"Nizip";"ATATÜRK MAHALLESİ";NA
304;"Gaziantep";"Nizip";"KIBRIS MAHALLESİ";NA
305;"Gaziantep";"Nizip";"NAHIRTEPE MAHALLESİ";NA
306;"Gaziantep";"Nizip";"YEŞİLEVLER MAHALLESİ";NA
307;"Gaziantep";"Nizip";"MİMAR SİNAN MAHALLESİ";NA
308;"Gaziantep";"Nurdağı";"ASLANLI MAHALLESİ";NA
309;"Gaziantep";"Nurdağı";"GEDİKLİ MAHALLESİ";NA
310;"Gaziantep";"Nurdağı";"ESENYURT MAHALLESİ";NA
311;"Gaziantep";"Oğuzeli";"TAŞÇANAK MAHALLESİ";NA
312;"Gaziantep";"Oğuzeli";"ÇAVUŞBAŞI MAHALLESİ";NA
313;"Gaziantep";"Oğuzeli";"BULDUK MAHALLESİ";NA
314;"Gaziantep";"Oğuzeli";"KURTULUŞ MAHALLESİ";NA
315;"Gaziantep";"Oğuzeli";"DEVEHÜYÜĞÜ MAHALLESİ";NA
316;"Gaziantep";"Oğuzeli";"GÜLLÜK MAHALLESİ";NA
317;"Gaziantep";"Oğuzeli";"BEŞDELİ MAHALLESİ";NA
318;"Gaziantep";"Oğuzeli";"AŞAĞI GÜNEYSE MAHALLESİ";NA
319;"Gaziantep";"Oğuzeli";"OĞUZLAR MAHALLESİ";NA
320;"Gaziantep";"Oğuzeli";"ŞIH KÜÇÜKKARACAVİRAN MAHALLESİ";NA
321;"Gaziantep";"Oğuzeli";"SUBAŞI MAHALLESİ";NA
322;"Gaziantep";"Şahinbey";"KARATARLA MAHALLESİ";NA
323;"Gaziantep";"Şahinbey";"EYÜPOĞLU MAHALLESİ";NA
324;"Gaziantep";"Şahinbey";"ALAYBEY MAHALLESİ";NA
325;"Gaziantep";"Şahinbey";"SAVCILI MAHALLESİ";NA
326;"Gaziantep";"Şahinbey";"AYDINBABA MAHALLESİ";NA
327;"Gaziantep";"Şahinbey";"BEY MAHALLESİ";NA
328;"Gaziantep";"Şahinbey";"KOZANLI MAHALLESİ";NA
329;"Gaziantep";"Şahinbey";"KARAGÖZ MAHALLESİ";NA
330;"Gaziantep";"Şahinbey";"TIŞLAKİ MAHALLESİ";NA
331;"Gaziantep";"Şahinbey";"SUYABATMAZ MAHALLESİ";NA
332;"Gaziantep";"Şahinbey";"KILINÇOĞLU MAHALLESİ";NA
333;"Gaziantep";"Şahinbey";"ŞEKEROĞLU MAHALLESİ";NA
334;"Gaziantep";"Şahinbey";"SULTAN SELİM MAHALLESİ";NA
335;"Gaziantep";"Şahinbey";"BOSTANCI MAHALLESİ";NA
336;"Gaziantep";"Şahinbey";"ŞAHVELİ MAHALLESİ";NA
337;"Gaziantep";"Şahinbey";"SEFERPAŞA MAHALLESİ";NA
338;"Gaziantep";"Şahinbey";"ETİLER MAHALLESİ";NA
339;"Gaziantep";"Şahinbey";"AKYOL MAHALLESİ";NA
340;"Gaziantep";"Şahinbey";"CABİ MAHALLESİ";NA
341;"Gaziantep";"Şahinbey";"SAKARYA MAHALLESİ";NA
342;"Gaziantep";"Şahinbey";"CEMAL GÜRSEL MAHALLESİ";NA
343;"Gaziantep";"Şahinbey";"ÜNALDI MAHALLESİ";NA
344;"Gaziantep";"Şahinbey";"SAÇAKLI MAHALLESİ";NA
345;"Gaziantep";"Şahinbey";"TÜRKTEPE MAHALLESİ";NA
346;"Gaziantep";"Şahinbey";"KOZLUCA MAHALLESİ";NA
347;"Gaziantep";"Şahinbey";"ŞENYURT MAHALLESİ";NA
348;"Gaziantep";"Şahinbey";"HOŞGÖR MAHALLESİ";NA
349;"Gaziantep";"Şahinbey";"KANALICI MAHALLESİ";NA
350;"Gaziantep";"Şahinbey";"TEKSTİLKENT MAHALLESİ";NA
351;"Gaziantep";"Şahinbey";"YAVUZLAR MAHALLESİ";NA
352;"Gaziantep";"Şahinbey";"KEPENEK MAHALLESİ";NA
353;"Gaziantep";"Şahinbey";"İNÖNÜ MAHALLESİ";NA
354;"Gaziantep";"Şahinbey";"BEKİRBEY MAHALLESİ";NA
355;"Gaziantep";"Şahinbey";"ALİBABA MAHALLESİ";NA
356;"Gaziantep";"Şahinbey";"BOZOKLAR MAHALLESİ";NA
357;"Gaziantep";"Şahinbey";"YUKARIBAYIR MAHALLESİ";NA
358;"Gaziantep";"Şahinbey";"BOYACI MAHALLESİ";NA
359;"Gaziantep";"Şahinbey";"TURAN EMEKSİZ MAHALLESİ";NA
360;"Gaziantep";"Şahinbey";"BARIŞ MAHALLESİ";NA
361;"Gaziantep";"Şahinbey";"ÜÇOKLAR MAHALLESİ";NA
362;"Gaziantep";"Şahinbey";"KARAYILAN MAHALLESİ";NA
363;"Gaziantep";"Şahinbey";"DUMLUPINAR MAHALLESİ";NA
364;"Gaziantep";"Şahinbey";"KIBRIS MAHALLESİ";NA
365;"Gaziantep";"Şahinbey";"GÜMÜŞTEKİN MAHALLESİ";NA
366;"Gaziantep";"Şahinbey";"ALLEBEN MAHALLESİ";NA
367;"Gaziantep";"Şahinbey";"YAZICIK MAHALLESİ";NA
368;"Gaziantep";"Şahinbey";"DÜZTEPE MAHALLESİ";NA
369;"Gaziantep";"Şahinbey";"KAHVELİPINAR MAHALLESİ";NA
370;"Gaziantep";"Şahinbey";"CUMHURİYET MAHALLESİ";NA
371;"Gaziantep";"Şahinbey";"ESENTEPE MAHALLESİ";NA
372;"Gaziantep";"Şahinbey";"NURİPAZARBAŞI MAHALLESİ";NA
373;"Gaziantep";"Şahinbey";"BEYDİLLİ MAHALLESİ";NA
374;"Gaziantep";"Şahinbey";"ÇAMLICA MAHALLESİ";NA
375;"Gaziantep";"Şahinbey";"TÜRKMENLER MAHALLESİ";NA
376;"Gaziantep";"Şahinbey";"KURBANBABA MAHALLESİ";NA
377;"Gaziantep";"Şahinbey";"TÖRELİ MAHALLESİ";NA
378;"Gaziantep";"Şahinbey";"AKDERE MAHALLESİ";NA
379;"Gaziantep";"Şahinbey";"CENGİZ TOPEL MAHALLESİ";NA
380;"Gaziantep";"Şahinbey";"KONAK MAHALLESİ";NA
381;"Gaziantep";"Şahinbey";"GÜZELVADİ MAHALLESİ";NA
382;"Gaziantep";"Şahinbey";"PERİLİKAYA MAHALLESİ";NA
383;"Gaziantep";"Şahinbey";"YEŞİLPINAR MAHALLESİ";NA
384;"Gaziantep";"Şahinbey";"25 ARALIK MAHALLESİ";NA
385;"Gaziantep";"Şahinbey";"VATAN MAHALLESİ";NA
386;"Gaziantep";"Şahinbey";"YEŞİLKENT MAHALLESİ";NA
387;"Gaziantep";"Şahinbey";"BEYBAHÇE MAHALLESİ";NA
388;"Gaziantep";"Şahinbey";"BEYAZLAR MAHALLESİ";NA
389;"Gaziantep";"Şahinbey";"YAMAÇTEPE MAHALLESİ";NA
390;"Gaziantep";"Şahinbey";"BURÇ KARAKUYU MAHALLESİ";NA
391;"Gaziantep";"Şahinbey";"ULAŞ MAHALLESİ";NA
392;"Gaziantep";"Şahinbey";"KAVAKLIK MAHALLESİ";NA
393;"Gaziantep";"Şahinbey";"KÜÇÜKKIZILHİSAR MAHALLESİ";NA
394;"Gaziantep";"Şahinbey";"ONUR MAHALLESİ";NA
395;"Gaziantep";"Şahinbey";"İSTİKLAL MAHALLESİ";NA
396;"Gaziantep";"Şahinbey";"MALAZGİRT MAHALLESİ";NA
397;"Gaziantep";"Şahinbey";"DENİZ MAHALLESİ";NA
398;"Gaziantep";"Şahinbey";"BİNEVLER MAHALLESİ";NA
399;"Gaziantep";"Şahinbey";"BAHÇELİEVLER MAHALLESİ";NA
400;"Gaziantep";"Şehitkamil";"AKTOPRAK SB MAHALLESİ";NA
401;"Gaziantep";"Şehitkamil";"BAŞPINAR(ORGANİZE)OSB MAHALLESİ";NA
402;"Gaziantep";"Şehitkamil";"NESİMİ MAHALLESİ";NA
403;"Gaziantep";"Şehitkamil";"YAPRAK MAHALLESİ";NA
404;"Gaziantep";"Şehitkamil";"ÇAKMAK MAHALLESİ";NA
405;"Gaziantep";"Şehitkamil";"İNCİLİKAYA MAHALLESİ";NA
406;"Gaziantep";"Şehitkamil";"ÇAĞLAYAN MAHALLESİ";NA
407;"Gaziantep";"Şehitkamil";"EYDİBABA MAHALLESİ";NA
408;"Gaziantep";"Şehitkamil";"HUMANIZ MAHALLESİ";NA
409;"Gaziantep";"Şehitkamil";"GÖZTEPE MAHALLESİ";NA
410;"Gaziantep";"Şehitkamil";"SACIR MAHALLESİ";NA
411;"Gaziantep";"Şehitkamil";"DÜLÜKBABA MAHALLESİ";NA
412;"Gaziantep";"Şehitkamil";"ÇIKSORUT MAHALLESİ";NA
413;"Gaziantep";"Şehitkamil";"KARAOĞLAN MAHALLESİ";NA
414;"Gaziantep";"Şehitkamil";"KARŞIYAKA MAHALLESİ";NA
415;"Gaziantep";"Şehitkamil";"HÜRRİYET MAHALLESİ";NA
416;"Gaziantep";"Şehitkamil";"MİTHATPAŞA MAHALLESİ";NA
417;"Gaziantep";"Şehitkamil";"SİNAN OSB MAHALLESİ";NA
418;"Gaziantep";"Şehitkamil";"HASIRCIOĞLU MAHALLESİ";NA
419;"Gaziantep";"Şehitkamil";"TAŞLICA MAHALLESİ";NA
420;"Gaziantep";"Şehitkamil";"MÜNÜFPAŞA MAHALLESİ";NA
421;"Gaziantep";"Şehitkamil";"YUNUS EMRE MAHALLESİ";NA
422;"Gaziantep";"Şehitkamil";"SAM MAHALLESİ";NA
423;"Gaziantep";"Şehitkamil";"GİRNE MAHALLESİ";NA
424;"Gaziantep";"Şehitkamil";"NURTEPE MAHALLESİ";NA
425;"Giresun";"Keşap";"GEÇİT KÖYÜ, TAMGERİŞ MEVKİİ";NA
426;"Gümüşhane";"Gümüşhane Merkez";"YAĞLIDERE KÖYÜ, BULUT MEVKİİ";NA
427;"Hatay";"Altınözü";"BOYNUYOĞUN MAHALLESİ";NA
428;"Hatay";"Altınözü";"YENİŞEHİR MAHALLESİ";NA
429;"Hatay";"Altınözü";"TOKAÇLI MAHALLESİ";NA
430;"Hatay";"Altınözü";"FATİKLİ MAHALLESİ";NA
431;"Hatay";"Altınözü";"SARILAR MAHALLESİ";NA
432;"Hatay";"Altınözü";"HACIPAŞA MAHALLESİ";NA
433;"Hatay";"Altınözü";"TÜRKMENMEZRAASI MAHALLESİ";NA
434;"Hatay";"Altınözü";"YENİHİSAR MAHALLESİ";NA
435;"Hatay";"Altınözü";"SARIBÜK MAHALLESİ";NA
436;"Hatay";"Altınözü";"SİVRİKAVAK MAHALLESİ";NA
437;"Hatay";"Altınözü";"TOKDEMİR MAHALLESİ";NA
438;"Hatay";"Altınözü";"KANSU MAHALLESİ";NA
439;"Hatay";"Altınözü";"AVUTTEPE MAHALLESİ";NA
440;"Hatay";"Antakya";"APAYDIN MAHALLESİ";NA
441;"Hatay";"Antakya";"MEYDAN MAHALLESİ";NA
442;"Hatay";"Antakya";"NARLICA MAHALLESİ";NA
443;"Hatay";"Antakya";"ŞEYHALİ MAHALLESİ";NA
444;"Hatay";"Antakya";"ORHANLI MAHALLESİ";NA
445;"Hatay";"Antakya";"KOCAABDİ MAHALLESİ";NA
446;"Hatay";"Antakya";"HACI ÖMER ALPAGOT MAHALLESİ";NA
447;"Hatay";"Antakya";"BARBAROS MAHALLESİ";NA
448;"Hatay";"Antakya";"HABİB-İ NECCAR MAHALLESİ";NA
449;"Hatay";"Antakya";"AKÇAOVA MAHALLESİ";NA
450;"Hatay";"Antakya";"HARAPARASI MAHALLESİ";NA
451;"Hatay";"Antakya";"İPLİK PAZARI MAHALLESİ";NA
452;"Hatay";"Antakya";"EMEK MAHALLESİ";NA
453;"Hatay";"Antakya";"BİNİCİLER MAHALLESİ";NA
454;"Hatay";"Antakya";"ŞEHİTLER MAHALLESİ";NA
455;"Hatay";"Antakya";"AKHİSAR MAHALLESİ";NA
456;"Hatay";"Antakya";"AKSARAY MAHALLESİ";NA
457;"Hatay";"Antakya";"MELEKLİ MAHALLESİ";NA
458;"Hatay";"Antakya";"YENİ CAMİİ MAHALLESİ";NA
459;"Hatay";"Antakya";"ULUCAMİİ MAHALLESİ";NA
460;"Hatay";"Antakya";"SOFULAR MAHALLESİ";NA
461;"Hatay";"Antakya";"AYDINLIKEVLER MAHALLESİ";NA
462;"Hatay";"Antakya";"DUTDİBİ MAHALLESİ";NA
463;"Hatay";"Antakya";"MAŞUKLU MAHALLESİ";NA
464;"Hatay";"Antakya";"CUMHURİYET MAHALLESİ";NA
465;"Hatay";"Antakya";"ALTINÇAY MAHALLESİ";NA
466;"Hatay";"Antakya";"AVSUYU MAHALLESİ";NA
467;"Hatay";"Antakya";"BOZHÖYÜK MAHALLESİ";NA
468;"Hatay";"Antakya";"BOHŞİN MAHALLESİ";NA
469;"Hatay";"Belen";"CUMHURİYET MAHALLESİ";NA
470;"Hatay";"Belen";"BAKRAS MAHALLESİ";NA
471;"Hatay";"Belen";"DEREBAHÇE MAHALLESİ";NA
472;"Hatay";"Belen";"MUHLİSALİ MAHALLESİ";NA
473;"Hatay";"İskenderun";"MURADİYE MAHALLESİ";NA
474;"Hatay";"İskenderun";"ESENTEPE MAHALLESİ";NA
475;"Hatay";"İskenderun";"BARBAROS MAHALLESİ";NA
476;"Hatay";"İskenderun";"CUMHURİYET MAHALLESİ";NA
477;"Hatay";"İskenderun";"DUMLUPINAR MAHALLESİ";NA
478;"Hatay";"Kırıkhan";"TORUN MAHALLESİ";NA
479;"Hatay";"Kırıkhan";"KURTULUŞ MAHALLESİ";NA
480;"Hatay";"Kırıkhan";"GÜNDÜZ MAHALLESİ";NA
481;"Hatay";"Kırıkhan";"ÇİLOĞLANHÜYÜĞÜ MAHALLESİ";NA
482;"Hatay";"Kırıkhan";"GÜLTEPE MAHALLESİ";NA
483;"Hatay";"Kırıkhan";"YENİ MAHALLESİ";NA
484;"Hatay";"Kırıkhan";"MENDERES MAHALLESİ";NA
485;"Hatay";"Kırıkhan";"ALSANCAK MAHALLESİ";NA
486;"Hatay";"Kırıkhan";"BARBAROS MAHALLESİ";NA
487;"Hatay";"Kırıkhan";"FATİH MAHALLESİ";NA
488;"Hatay";"Kırıkhan";"408 EVLER MAHALLESİ";NA
489;"Hatay";"Kırıkhan";"MURATPAŞA MAHALLESİ";NA
490;"Hatay";"Kırıkhan";"GAZİ MAHALLESİ";NA
491;"Hatay";"Kırıkhan";"ÇATALTEPE MAHALLESİ";NA
492;"Hatay";"Kırıkhan";"AYDINLI MAHALLESİ";NA
493;"Hatay";"Kırıkhan";"ALPARSLAN MAHALLESİ";NA
494;"Hatay";"Kırıkhan";"MAHMUTLU MAHALLESİ";NA
495;"Hatay";"Kırıkhan";"BAHÇELİEVLER MAHALLESİ";NA
496;"Hatay";"Kırıkhan";"GÜVENTAŞI MAHALLESİ";NA
497;"Hatay";"Kırıkhan";"CUMHURİYET MAHALLESİ";NA
498;"Hatay";"Kumlu";"HAMAM MAHALLESİ";NA
499;"Hatay";"Kumlu";"GÖKÇEOĞLU MAHALLESİ";NA
500;"Hatay";"Kumlu";"CUMHURİYET MAHALLESİ";NA
501;"Hatay";"Kumlu";"FEVZİ ÇAKMAK MAHALLESİ";NA
502;"Hatay";"Kumlu";"AKKUYU MAHALLESİ";NA
503;"Hatay";"Kumlu";"MUHARREM MAHALLESİ";NA
504;"Hatay";"Payas";"YILDIRIM BEYAZIT MAHALLESİ";NA
505;"Hatay";"Reyhanlı";"CUMHURİYET MAHALLESİ";NA
506;"Hatay";"Reyhanlı";"DAVUTPAŞA MAHALLESİ";NA
507;"Hatay";"Reyhanlı";"BÜKÜLMEZ MAHALLESİ";NA
508;"Hatay";"Reyhanlı";"KURTULUŞ MAHALLESİ";NA
509;"Hatay";"Reyhanlı";"BAĞLAR MAHALLESİ";NA
510;"Hatay";"Reyhanlı";"FİDANLIK MAHALLESİ";NA
511;"Hatay";"Reyhanlı";"GÜLTEPE MAHALLESİ";NA
512;"Hatay";"Reyhanlı";"BAHÇELİEVLER MAHALLESİ";NA
513;"Hatay";"Reyhanlı";"YENİŞEHİR MAHALLESİ";NA
514;"Hatay";"Reyhanlı";"PINARBAŞI MAHALLESİ";NA
515;"Hatay";"Reyhanlı";"YENİ MAHALLESİ";NA
516;"Hatay";"Reyhanlı";"CİLVEGÖZÜ MAHALLESİ";NA
517;"Hatay";"Reyhanlı";"MUSTAFA KEMAL MAHALLESİ";NA
518;"Hatay";"Reyhanlı";"BAYIR MAHALLESİ";NA
519;"Hatay";"Reyhanlı";"ESENTEPE MAHALLESİ";NA
520;"Hatay";"Reyhanlı";"UZUNKAVAK MAHALLESİ";NA
521;"Hatay";"Reyhanlı";"DEĞİRMENKAŞI MAHALLESİ";NA
522;"Hatay";"Reyhanlı";"YEŞİLOVA MAHALLESİ";NA
523;"Hatay";"Reyhanlı";"ADABUCAK MAHALLESİ";NA
524;"Hatay";"Reyhanlı";"TAYFURSÖKMEN MAHALLESİ";NA
525;"Hatay";"Reyhanlı";"CÜDEYDE MAHALLESİ";NA
526;"Hatay";"Reyhanlı";"AKYAYLA MAHALLESİ";NA
527;"Hatay";"Reyhanlı";"GÖKTEPE MAHALLESİ";NA
528;"Hatay";"Reyhanlı";"PAŞAHÜYÜK MAHALLESİ";NA
529;"Hatay";"Reyhanlı";"AHMETBEYLİ MAHALLESİ";NA
530;"Hatay";"Reyhanlı";"HARRAN MAHALLESİ";NA
531;"Hatay";"Reyhanlı";"GAZİMÜRSELTEPESİ MAHALLESİ";NA
532;"Hatay";"Reyhanlı";"ALAKUZU MAHALLESİ";NA
533;"Hatay";"Reyhanlı";"KARASÜLEYMANLI MAHALLESİ";NA
534;"Hatay";"Yayladağı";"KURTULUŞ MAHALLESİ";NA
535;"Hatay";"Yayladağı";"TUTLUBAHÇE MAHALLESİ";NA
536;"Iğdır";"Aralık";"EMİNCE KÖYÜ, TİGEM MEVKİİ";NA
537;"Isparta";"Isparta Merkez";"BAHÇELİEVLER MAHALLESİ";NA
538;"Isparta";"Isparta Merkez";"BAĞLAR MAHALLESİ";NA
539;"Isparta";"Isparta Merkez";"PİRİMEHMET MAHALLESİ";NA
540;"Isparta";"Keçiborlu";"AŞAĞI MAHALLESİ";NA
541;"İstanbul";"Avcılar";"DENİZKÖŞKLER MAHALLESİ";NA
542;"İstanbul";"Avcılar";"MERKEZ MAHALLESİ";NA
543;"İstanbul";"Avcılar";"GÜMÜŞPALA MAHALLESİ";NA
544;"İstanbul";"Bahçelievler";"ŞİRİNEVLER MAHALLESİ";NA
545;"İstanbul";"Başakşehir";"İKİTELLİ OSB MAHALLESİ";NA
546;"İstanbul";"Başakşehir";"ZİYA GÖKALP MAHALLESİ";NA
547;"İstanbul";"Beşiktaş";"YILDIZ MAHALLESİ";NA
548;"İstanbul";"Beylikdüzü";"BEYLİKDÜZÜOSB MAHALLESİ";NA
549;"İstanbul";"Beyoğlu";"KOCATEPE  MAHALLESİ";NA
550;"İstanbul";"Beyoğlu";"ŞEHİT MUHTAR  MAHALLESİ";NA
551;"İstanbul";"Beyoğlu";"BÜLBÜL  MAHALLESİ";NA
552;"İstanbul";"Beyoğlu";"ÇUKUR  MAHALLESİ";NA
553;"İstanbul";"Beyoğlu";"KAMER HATUN  MAHALLESİ";NA
554;"İstanbul";"Beyoğlu";"KALYONCU KULLUĞU MAHALLESİ";NA
555;"İstanbul";"Beyoğlu";"YENİŞEHİR  MAHALLESİ";NA
556;"İstanbul";"Beyoğlu";"KATİPMUSTAFA ÇELEBİ MAHALLESİ";NA
557;"İstanbul";"Beyoğlu";"BOSTAN  MAHALLESİ";NA
558;"İstanbul";"Beyoğlu";"ASMALI MESCİT  MAHALLESİ";NA
559;"İstanbul";"Esenyurt";"KOZA MAHALLESİ";NA
560;"İstanbul";"Esenyurt";"YEŞİLKENT MAHALLESİ";NA
561;"İstanbul";"Esenyurt";"ZAFER MAHALLESİ";NA
562;"İstanbul";"Esenyurt";"PİRİ REİS MAHALLESİ";NA
563;"İstanbul";"Esenyurt";"GÖKEVLER MAHALLESİ";NA
564;"İstanbul";"Esenyurt";"AKEVLER MAHALLESİ";NA
565;"İstanbul";"Esenyurt";"SULTANİYE MAHALLESİ";NA
566;"İstanbul";"Esenyurt";"BAĞLARÇEŞME MAHALLESİ";NA
567;"İstanbul";"Fatih";"MİMAR KEMALETTİN MAHALLESİ";NA
568;"İstanbul";"Fatih";"MESİHPAŞA MAHALLESİ";NA
569;"İstanbul";"Fatih";"SARAÇ İSHAK MAHALLESİ";NA
570;"İstanbul";"Fatih";"MUHSİNE HATUN MAHALLESİ";NA
571;"İstanbul";"Fatih";"BALABANAĞA MAHALLESİ";NA
572;"İstanbul";"Fatih";"MİMAR HAYRETTİN MAHALLESİ";NA
573;"İstanbul";"Fatih";"NİŞANCA MAHALLESİ";NA
574;"İstanbul";"Fatih";"KEMALPAŞA MAHALLESİ";NA
575;"İstanbul";"Fatih";"KATİP KASIM MAHALLESİ";NA
576;"İstanbul";"Fatih";"İSKENDERPAŞA MAHALLESİ";NA
577;"İstanbul";"Fatih";"MOLLA GÜRANİ MAHALLESİ";NA
578;"İstanbul";"Fatih";"MOLLA HÜSREV MAHALLESİ";NA
579;"İstanbul";"Fatih";"AKŞEMSETTİN MAHALLESİ";NA
580;"İstanbul";"Küçükçekmece";"BEŞYOL MAHALLESİ";NA
581;"İstanbul";"Küçükçekmece";"KÜÇÜKÇEKMECE İKİTELLİOSB MAHALLESİ";NA
582;"İstanbul";"Küçükçekmece";"MEHMET AKİF MAHALLESİ";NA
583;"İstanbul";"Sarıyer";"MASLAK MAHALLESİ";NA
584;"İstanbul";"Şile";"MEŞRUTİYET MAHALLESİ";NA
585;"İstanbul";"Şişli";"İNÖNÜ MAHALLESİ";NA
586;"İstanbul";"Şişli";"ERGENEKON MAHALLESİ";NA
587;"İstanbul";"Şişli";"MECİDİYEKÖY MAHALLESİ";NA
588;"İstanbul";"Şişli";"CUMHURİYET MAHALLESİ";NA
589;"İstanbul";"Tuzla";"AYDINLI-KOSB MAHALLESİ";NA
590;"İstanbul";"Ümraniye";"DUDULLU OSB MAHALLESİ";NA
591;"İstanbul";"Zeytinburnu";"MALTEPE MAHALLESİ";NA
592;"İstanbul";"Zeytinburnu";"YENİDOĞAN MAHALLESİ";NA
593;"İstanbul";"Zeytinburnu";"NURİPAŞA MAHALLESİ";NA
594;"İstanbul";"Zeytinburnu";"YEŞİLTEPE MAHALLESİ";NA
595;"İzmir";"Bornova";"YUNUS EMRE MAHALLESİ";NA
596;"İzmir";"Bornova";"IŞIKLAR MAHALLESİ";NA
597;"İzmir";"Bornova";"ZAFER MAHALLESİ";NA
598;"İzmir";"Bornova";"SERİNTEPE MAHALLESİ";NA
599;"İzmir";"Buca";"SEYHAN MAHALLESİ";NA
600;"İzmir";"Karabağlar";"AŞIK VEYSEL MAHALLESİ";NA
601;"İzmir";"Konak";"TAN MAHALLESİ";NA
602;"İzmir";"Konak";"FAİK PAŞA MAHALLESİ";NA
603;"İzmir";"Konak";"YENİ MAHALLESİ";NA
604;"İzmir";"Konak";"MİRALİ MAHALLESİ";NA
605;"İzmir";"Konak";"ALİ REİS MAHALLESİ";NA
606;"İzmir";"Konak";"ETİLER MAHALLESİ";NA
607;"İzmir";"Konak";"SAKARYA MAHALLESİ";NA
608;"İzmir";"Konak";"ALTAY MAHALLESİ";NA
609;"İzmir";"Konak";"BOZKURT MAHALLESİ";NA
610;"İzmir";"Konak";"PAZARYERİ MAHALLESİ";NA
611;"İzmir";"Konak";"ALTINORDU MAHALLESİ";NA
612;"İzmir";"Konak";"UĞUR MAHALLESİ";NA
613;"İzmir";"Konak";"KUBİLAY MAHALLESİ";NA
614;"İzmir";"Konak";"SÜVARİ MAHALLESİ";NA
615;"İzmir";"Konak";"YEŞİLDERE MAHALLESİ";NA
616;"İzmir";"Konak";"KOCAKAPI MAHALLESİ";NA
617;"İzmir";"Konak";"AKARCALI MAHALLESİ";NA
618;"İzmir";"Konak";"MURAT MAHALLESİ";NA
619;"İzmir";"Konak";"KADİFEKALE MAHALLESİ";NA
620;"İzmir";"Torbalı";"19 MAYIS MAHALLESİ";NA
621;"İzmir";"Torbalı";"KARŞIYAKA MAHALLESİ";NA
622;"Kahramanmaraş";"Dulkadiroğlu";"SİVRİCEHÜYÜK MAHALLESİ";NA
623;"Kahramanmaraş";"Dulkadiroğlu";"MENDERES MAHALLESİ";NA
624;"Kahramanmaraş";"Dulkadiroğlu";"TURAN MAHALLESİ";NA
625;"Kahramanmaraş";"Dulkadiroğlu";"SAKARYA MAHALLESİ";NA
626;"Kahramanmaraş";"Dulkadiroğlu";"İSA DİVANLI MAHALLESİ";NA
627;"Kahramanmaraş";"Dulkadiroğlu";"KURTULUŞ MAHALLESİ";NA
628;"Kahramanmaraş";"Dulkadiroğlu";"EKMEKÇİ MAHALLESİ";NA
629;"Kahramanmaraş";"Dulkadiroğlu";"FEVZİ PAŞA MAHALLESİ";NA
630;"Kahramanmaraş";"Dulkadiroğlu";"DURAKLI MAHALLESİ";NA
631;"Kahramanmaraş";"Dulkadiroğlu";"DİVANLI MAHALLESİ";NA
632;"Kahramanmaraş";"Dulkadiroğlu";"İSMET PAŞA MAHALLESİ";NA
633;"Kahramanmaraş";"Dulkadiroğlu";"KAYABAŞI MAHALLESİ";NA
634;"Kahramanmaraş";"Dulkadiroğlu";"SENEM AYŞE MAHALLESİ";NA
635;"Kahramanmaraş";"Dulkadiroğlu";"DULKADİROĞLU MAHALLESİ";NA
636;"Kahramanmaraş";"Dulkadiroğlu";"BAĞLARBAŞI MAHALLESİ";NA
637;"Kahramanmaraş";"Dulkadiroğlu";"GAZİ PAŞA MAHALLESİ";NA
638;"Kahramanmaraş";"Dulkadiroğlu";"YAVUZ SELİM MAHALLESİ";NA
639;"Kahramanmaraş";"Dulkadiroğlu";"NAMIK KEMAL MAHALLESİ";NA
640;"Kahramanmaraş";"Dulkadiroğlu";"ŞEYH ADİL MAHALLESİ";NA
641;"Kahramanmaraş";"Onikişubat";"YUSUFLAR MAHALLESİ";NA
642;"Kahramanmaraş";"Onikişubat";"AKÇAKOYUNLU MAHALLESİ";NA
643;"Kahramanmaraş";"Onikişubat";"DUMLUPINAR MAHALLESİ";NA
644;"Kahramanmaraş";"Onikişubat";"ŞEHİT EVLİYA MAHALLESİ";NA
645;"Kahramanmaraş";"Onikişubat";"YÜRÜKSELİM MAHALLESİ";NA
646;"Kahramanmaraş";"Onikişubat";"MAĞRALI MAHALLESİ";NA
647;"Kahramanmaraş";"Onikişubat";"ERTUĞRUL GAZİ MAHALLESİ";NA
648;"Kahramanmaraş";"Onikişubat";"SERİNTEPE MAHALLESİ";NA
649;"Kahramanmaraş";"Onikişubat";"HACI BAYRAM VELİ MAHALLESİ";NA
650;"Kahramanmaraş";"Onikişubat";"HAYRULLAH MAHALLESİ";NA
651;"Kahramanmaraş";"Onikişubat";"BARBAROS MAHALLESİ";NA
652;"Kahramanmaraş";"Onikişubat";"KARACAOĞLAN MAHALLESİ";NA
653;"Kahramanmaraş";"Onikişubat";"MALİK EJDER MAHALLESİ";NA
654;"Karabük";"Karabük Merkez";"KILAVUZLAR MAHALLESİ";NA
655;"Karabük";"Karabük Merkez";"100.YIL MAHALLESİ";NA
656;"Karabük";"Karabük Merkez";"HÜRRİYET MAHALLESİ";NA
657;"Karabük";"Karabük Merkez";"BAYIR MAHALLESİ";NA
658;"Karabük";"Safranbolu";"KARIT KÖYÜ, KARIT MÜCAVİR MEVKİİ";NA
659;"Karabük";"Safranbolu";"BOSTANBÜKÜ KÖYÜ, KARŞIYAKA MEVKİİ";NA
660;"Karabük";"Safranbolu";"BOSTANBÜKÜ KÖYÜ, MERKEZ MEVKİİ";NA
661;"Karaman";"Karaman Merkez";"ORGANİZE SANAYİİ BÖLGESİ MAHALLESİ";NA
662;"Kastamonu";"Devrekani";"BINGILDAYIK KÖYÜ, ORUÇ MEVKİİ";NA
663;"Kastamonu";"Devrekani";"TEKKEKIZILLAR KÖYÜ, KURMALAR MEVKİİ";NA
664;"Kastamonu";"Devrekani";"BOZKOCA KÖYÜ, ÇAKALLAR MEVKİİ";NA
665;"Kastamonu";"Kastamonu Merkez";"TOPÇUOĞLU MAHALLESİ";NA
666;"Kastamonu";"Kastamonu Merkez";"CEBRAİL MAHALLESİ";NA
667;"Kastamonu";"Kastamonu Merkez";"İSLAM KÖYÜ, SOFRANLAR MEZRASI";NA
668;"Kastamonu";"Kastamonu Merkez";"ÖRENCİK KÖYÜ, İZBELİ MEZRASI";NA
669;"Kayseri";"Kocasinan";"SAHABİYE MAHALLESİ";NA
670;"Kayseri";"Kocasinan";"HASAN ARPA MAHALLESİ";NA
671;"Kayseri";"Kocasinan";"ARGINCIK MAHALLESİ";NA
672;"Kayseri";"Kocasinan";"FEVZİ ÇAKMAK MAHALLESİ";NA
673;"Kayseri";"Kocasinan";"UĞUREVLER MAHALLESİ";NA
674;"Kayseri";"Kocasinan";"HACI SAKİ MAHALLESİ";NA
675;"Kayseri";"Kocasinan";"YAZIR MAHALLESİ";NA
676;"Kayseri";"Melikgazi";"DANİŞMENTGAZİ MAHALLESİ";NA
677;"Kayseri";"Melikgazi";"OSMANLI MAHALLESİ";NA
678;"Kayseri";"Melikgazi";"CUMHURİYET MAHALLESİ";NA
679;"Kayseri";"Melikgazi";"SELÇUKLU MAHALLESİ";NA
680;"Kayseri";"Melikgazi";"AYDINLIKEVLER MAHALLESİ";NA
681;"Kayseri";"Melikgazi";"GÜLÜK MAHALLESİ";NA
682;"Kayseri";"Melikgazi";"KILIÇASLAN MAHALLESİ";NA
683;"Kırklareli";"Lüleburgaz";"SARIMSAKLI MAHALLESİ";NA
684;"Kırşehir";"Akçakent";"YETİKLİ KÖYÜ, GÜNEŞLİ MEVKİİ";NA
685;"Kırşehir";"Kırşehir Merkez";"SEYREKKÖY KÖYÜ";NA
686;"Kırşehir";"Mucur";"KARACALI KÖYÜ";NA
687;"Kilis";"Elbeyli";"BEŞİRİYE KÖYÜ";NA
688;"Kilis";"Elbeyli";"YAĞIZKÖY KÖYÜ, AYNAFAR MEZRASI";NA
689;"Kilis";"Elbeyli";"MERCANLI KÖYÜ";NA
690;"Kilis";"Elbeyli";"YAĞIZKÖY KÖYÜ, DELHEMİ MEZRASI";NA
691;"Kilis";"Elbeyli";"İNÖNÜ MAHALLESİ";NA
692;"Kilis";"Elbeyli";"TAŞLIBAKAR KÖYÜ";NA
693;"Kilis";"Elbeyli";"YALÇIN NANE MAHALLESİ";NA
694;"Kilis";"Elbeyli";"HAVUZLUÇAM KÖYÜ";NA
695;"Kilis";"Elbeyli";"AĞYÜZ MAHALLESİ";NA
696;"Kilis";"Kilis Merkez";"BÜYÜKKÜTAH MAHALLESİ";NA
697;"Kilis";"Kilis Merkez";"TEKYE MAHALLESİ";NA
698;"Kilis";"Kilis Merkez";"NURETTİN MAHALLESİ";NA
699;"Kilis";"Kilis Merkez";"KETENCİLER MAHALLESİ";NA
700;"Kilis";"Kilis Merkez";"CANPOLAT PAŞA MAHALLESİ";NA
701;"Kilis";"Kilis Merkez";"TIRIKLI MAHALLESİ";NA
702;"Kilis";"Kilis Merkez";"ALTINÜZÜM MAHALLESİ";NA
703;"Kilis";"Kilis Merkez";"YEDİ ARALIK MAHALLESİ";NA
704;"Kilis";"Kilis Merkez";"ŞIHLAR MAHALLESİ";NA
705;"Kilis";"Kilis Merkez";"DEVECİLER MAHALLESİ";NA
706;"Kilis";"Kilis Merkez";"İNNAPLI KÜTAH MAHALLESİ";NA
707;"Kilis";"Kilis Merkez";"ŞEHİTLER MAHALLESİ";NA
708;"Kilis";"Kilis Merkez";"İSLAMBEY MAHALLESİ";NA
709;"Kilis";"Kilis Merkez";"YENİ MAHALLESİ";NA
710;"Kilis";"Kilis Merkez";"HİNDİOĞLU MAHALLESİ";NA
711;"Kilis";"Kilis Merkez";"TABAKHANE MAHALLESİ";NA
712;"Kilis";"Kilis Merkez";"MEŞETLİK MAHALLESİ";NA
713;"Kilis";"Kilis Merkez";"ASLAN MAHALLESİ";NA
714;"Kilis";"Kilis Merkez";"ŞIH ABDULLAH MAHALLESİ";NA
715;"Kilis";"Kilis Merkez";"CUMHURİYET MAHALLESİ";NA
716;"Kilis";"Kilis Merkez";"YAVUZ SULTAN SELİM MAHALLESİ";NA
717;"Kilis";"Kilis Merkez";"HAKVERDİ MAHALLESİ";NA
718;"Kilis";"Kilis Merkez";"MIHALİ MAHALLESİ";NA
719;"Kilis";"Kilis Merkez";"ŞEHİT SAKIP MAHALLESİ";NA
720;"Kilis";"Kilis Merkez";"ZEYTİNLİ MAHALLESİ";NA
721;"Kilis";"Kilis Merkez";"TOSYALI MAHALLESİ";NA
722;"Kilis";"Kilis Merkez";"OSMAN GAZİ MAHALLESİ";NA
723;"Kilis";"Kilis Merkez";"ABDİOYMAĞI MAHALLESİ";NA
724;"Kilis";"Kilis Merkez";"NACAROĞLU MAHALLESİ";NA
725;"Kilis";"Kilis Merkez";"HASAN KAMİL DEMİRBAŞ MAHALLESİ";NA
726;"Kilis";"Kilis Merkez";"MERCİDABIK MAHALLESİ";NA
727;"Kilis";"Kilis Merkez";"HACI GÜMÜŞ MAHALLESİ";NA
728;"Kilis";"Kilis Merkez";"MARAŞAL FEVZİ ÇAKMAK MAHALLESİ";NA
729;"Kilis";"Kilis Merkez";"BÖLÜK MAHALLESİ";NA
730;"Kilis";"Kilis Merkez";"HÜRRİYET MAHALLESİ";NA
731;"Kilis";"Kilis Merkez";"ÇAYLAK MAHALLESİ";NA
732;"Kilis";"Kilis Merkez";"AŞIT MAHALLESİ";NA
733;"Kilis";"Kilis Merkez";"HACI İLYAS MAHALLESİ";NA
734;"Kilis";"Kilis Merkez";"NAMIK KEMAL MAHALLESİ";NA
735;"Kilis";"Kilis Merkez";"SARAÇ MEHMET ÇAVUŞ MAHALLESİ";NA
736;"Kilis";"Kilis Merkez";"NEDİM ÖKMEN MAHALLESİ";NA
737;"Kilis";"Kilis Merkez";"ŞIH AHMET MAHALLESİ";NA
738;"Kilis";"Kilis Merkez";"MULLAHAMİT MAHALLESİ";NA
739;"Kilis";"Kilis Merkez";"POLAT PAŞA MAHALLESİ";NA
740;"Kilis";"Kilis Merkez";"OKÇULAR MAHALLESİ";NA
741;"Kilis";"Kilis Merkez";"KARAALİ MAHALLESİ";NA
742;"Kilis";"Kilis Merkez";"MÜSLÜMANBEY MAHALLESİ";NA
743;"Kilis";"Kilis Merkez";"AKPINAR MAHALLESİ";NA
744;"Kilis";"Kilis Merkez";"KARTALBEY MAHALLESİ";NA
745;"Kilis";"Kilis Merkez";"İSMET PAŞA MAHALLESİ";NA
746;"Kilis";"Kilis Merkez";"VAİZ MAHALLESİ";NA
747;"Kilis";"Kilis Merkez";"EKREM ÇETİN MAHALLESİ";NA
748;"Kilis";"Kilis Merkez";"KAZIM KARABEKİR MAHALLESİ";NA
749;"Kilis";"Kilis Merkez";"GAZİLER MAHALLESİ";NA
750;"Kilis";"Kilis Merkez";"YAŞAR AKTÜRK MAHALLESİ";NA
751;"Kilis";"Kilis Merkez";"DURUCA KÖYÜ, AKDİLEK MEZRASI";NA
752;"Kilis";"Kilis Merkez";"NAMIK ÜNLER PAŞA MAHALLESİ";NA
753;"Kilis";"Kilis Merkez";"DEMİRCİLER MAHALLESİ";NA
754;"Kilis";"Kilis Merkez";"BARIŞ MAHALLESİ";NA
755;"Kilis";"Kilis Merkez";"KANUNİ SULTAN SÜLEYMAN MAHALLESİ";NA
756;"Kilis";"Kilis Merkez";"ATATÜRK MAHALLESİ";NA
757;"Kilis";"Kilis Merkez";"ŞIH MEHMET MAHALLESİ";NA
758;"Kilis";"Kilis Merkez";"ŞÖRHABİL MAHALLESİ";NA
759;"Kilis";"Kilis Merkez";"FATİH SULTAN MEHMET MAHALLESİ";NA
760;"Kilis";"Kilis Merkez";"MUALLİM RIFAT BİLGE MAHALLESİ";NA
761;"Kilis";"Kilis Merkez";"EBULÜLE MAHALLESİ";NA
762;"Kilis";"Kilis Merkez";"BİLALİ HABEŞ MAHALLESİ";NA
763;"Kilis";"Kilis Merkez";"DOĞAN GÜREŞ PAŞA MAHALLESİ";NA
764;"Kilis";"Kilis Merkez";"ÖNCÜ PINAR MAHALLESİ";NA
765;"Kilis";"Kilis Merkez";"MÜCAHİTLER MAHALLESİ";NA
766;"Kilis";"Kilis Merkez";"MEHMET ABDİ BULUT MAHALLESİ";NA
767;"Kilis";"Kilis Merkez";"OYLUM MAHALLESİ";NA
768;"Kilis";"Kilis Merkez";"AKÇABAĞLAR KÖYÜ";NA
769;"Kilis";"Kilis Merkez";"ALBAY İBRAHİM KARAOĞLANOĞLU MAHALLESİ";NA
770;"Konya";"Ereğli / Konya";"SELÇUKLU MAHALLESİ";NA
771;"Konya";"Kadınhanı";"KÜÇÜKKUYU MAHALLESİ";NA
772;"Konya";"Karapınar";"SELİMİYE MAHALLESİ";NA
773;"Konya";"Karatay";"ŞEMSİTEBRİZİ MAHALLESİ";NA
774;"Konya";"Karatay";"AZİZİYE MAHALLESİ";NA
775;"Konya";"Karatay";"SULTAN MESUD MAHALLESİ";NA
776;"Konya";"Karatay";"AKÇEŞME MAHALLESİ";NA
777;"Konya";"Karatay";"NAKİPOĞLU MAHALLESİ";NA
778;"Konya";"Meram";"SAHİBATA MAHALLESİ";NA
779;"Konya";"Meram";"ÇAYBAŞI MAHALLESİ";NA
780;"Konya";"Meram";"PİREBİ MAHALLESİ";NA
781;"Konya";"Meram";"UZUNHARMANLAR MAHALLESİ";NA
782;"Konya";"Meram";"AYDOĞDU MAHALLESİ";NA
783;"Konya";"Selçuklu";"BÜYÜKKAYACIKOSB MAHALLESİ";NA
784;"Konya";"Selçuklu";"İHSANİYE MAHALLESİ";NA
785;"Konya";"Selçuklu";"DOKUZ MAHALLESİ";NA
786;"Konya";"Selçuklu";"FERHUNİYE MAHALLESİ";NA
787;"Konya";"Selçuklu";"HOROZLUHANOSB MAHALLESİ";NA
788;"Kütahya";"Kütahya Merkez";"KİRAZPINAR MAHALLESİ";NA
789;"Kütahya";"Kütahya Merkez";"SARAY MAHALLESİ";NA
790;"Malatya";"Battalgazi";"YENİHAMAM MAHALLESİ";NA
791;"Malatya";"Battalgazi";"DABAKHANE MAHALLESİ";NA
792;"Malatya";"Battalgazi";"AKPINAR MAHALLESİ";NA
793;"Malatya";"Battalgazi";"KAVAKLIBAĞ MAHALLESİ";NA
794;"Malatya";"Battalgazi";"BEYLERBAŞI MAHALLESİ";NA
795;"Malatya";"Battalgazi";"B.HÜSEYİNBEY MAHALLESİ";NA
796;"Malatya";"Battalgazi";"SARAY MAHALLESİ";NA
797;"Malatya";"Battalgazi";"İZZETİYE MAHALLESİ";NA
798;"Malatya";"Battalgazi";"TAŞTEPE MAHALLESİ";NA
799;"Malatya";"Battalgazi";"HALFETTİN MAHALLESİ";NA
800;"Malatya";"Battalgazi";"FERHADİYE MAHALLESİ";NA
801;"Malatya";"Battalgazi";"İSMETİYE MAHALLESİ";NA
802;"Malatya";"Battalgazi";"İSTİKLAL MAHALLESİ";NA
803;"Malatya";"Battalgazi";"HAMİDİYE MAHALLESİ";NA
804;"Malatya";"Battalgazi";"ŞEHİTFEVZİ MAHALLESİ";NA
805;"Malatya";"Yeşilyurt / Malatya";"FATİH MAHALLESİ";NA
806;"Manisa";"Soma";"TÜRKPİYALA MAHALLESİ";NA
807;"Mardin";"Artuklu";"KARADEMİR MAHALLESİ";NA
808;"Mardin";"Artuklu";"ŞEHİDİYE MAHALLESİ";NA
809;"Mardin";"Artuklu";"DİBEKTAŞ MAHALLESİ";NA
810;"Mardin";"Artuklu";"ULUCAMİ MAHALLESİ";NA
811;"Mardin";"Artuklu";"TEKER MAHALLESİ";NA
812;"Mardin";"Artuklu";"LATİFİYE MAHALLESİ";NA
813;"Mardin";"Artuklu";"TOZAN MAHALLESİ";NA
814;"Mardin";"Artuklu";"NECMETTİN MAHALLESİ";NA
815;"Mardin";"Artuklu";"SAVURKAPI MAHALLESİ";NA
816;"Mardin";"Artuklu";"DİYARBAKIR KAPI MAHALLESİ";NA
817;"Mardin";"Artuklu";"ALAKUŞ MAHALLESİ";NA
818;"Mardin";"Artuklu";"EMİNETTİN MAHALLESİ";NA
819;"Mardin";"Artuklu";"YENİKAPI MAHALLESİ";NA
820;"Mardin";"Artuklu";"ENSAR MAHALLESİ";NA
821;"Mardin";"Artuklu";"YENİCE MAHALLESİ";NA
822;"Mardin";"Derik";"KUYULU MAHALLESİ";NA
823;"Mardin";"Derik";"DOĞANCI MAHALLESİ";NA
824;"Mardin";"Derik";"KÖSEVELİ MAHALLESİ";NA
825;"Mardin";"Derik";"ORTACA MAHALLESİ";NA
826;"Mardin";"Derik";"BAŞARAN MAHALLESİ";NA
827;"Mardin";"Derik";"KANATLI MAHALLESİ";NA
828;"Mardin";"Kızıltepe";"ÜLKER MAHALLESİ";NA
829;"Mardin";"Kızıltepe";"GÜNGÖREN MAHALLESİ";NA
830;"Mardin";"Kızıltepe";"KIRKKUYU MAHALLESİ";NA
831;"Mardin";"Kızıltepe";"DORA MAHALLESİ";NA
832;"Mardin";"Kızıltepe";"DEMİRCİ MAHALLESİ";NA
833;"Mardin";"Kızıltepe";"YAYIKLI MAHALLESİ";NA
834;"Mardin";"Kızıltepe";"TIRAŞLI MAHALLESİ";NA
835;"Mardin";"Kızıltepe";"GÖZLÜCE MAHALLESİ";NA
836;"Mardin";"Kızıltepe";"YEŞİLKÖY MAHALLESİ";NA
837;"Mardin";"Kızıltepe";"TATLICA MAHALLESİ";NA
838;"Mardin";"Kızıltepe";"ESENLİ MAHALLESİ";NA
839;"Mardin";"Kızıltepe";"YONCALI MAHALLESİ";NA
840;"Mardin";"Kızıltepe";"SEVİMLİ MAHALLESİ";NA
841;"Mardin";"Kızıltepe";"YUMRUTAŞ MAHALLESİ";NA
842;"Mardin";"Kızıltepe";"BELLİ MAHALLESİ";NA
843;"Mardin";"Kızıltepe";"ÇİTLİBAĞ MAHALLESİ";NA
844;"Mardin";"Kızıltepe";"KATARLI MAHALLESİ";NA
845;"Mardin";"Kızıltepe";"HACIYUSUF MAHALLESİ";NA
846;"Mardin";"Kızıltepe";"ÇAMLICA MAHALLESİ";NA
847;"Mardin";"Kızıltepe";"ULAŞLI MAHALLESİ";NA
848;"Mardin";"Kızıltepe";"ATAKÖY MAHALLESİ";NA
849;"Mardin";"Kızıltepe";"TANRIVERDİ MAHALLESİ";NA
850;"Mardin";"Kızıltepe";"TİMURÇİFTLİĞİ MAHALLESİ";NA
851;"Mardin";"Kızıltepe";"ALTINTOPRAK MAHALLESİ";NA
852;"Mardin";"Kızıltepe";"KALAYCIK MAHALLESİ";NA
853;"Mardin";"Kızıltepe";"BÜYÜKAYRIK MAHALLESİ";NA
854;"Mardin";"Kızıltepe";"YURTÖZÜ MAHALLESİ";NA
855;"Mardin";"Kızıltepe";"IŞIKÖREN MAHALLESİ";NA
856;"Mardin";"Kızıltepe";"TARLABAŞI MAHALLESİ";NA
857;"Mardin";"Kızıltepe";"AKKOÇ MAHALLESİ";NA
858;"Mardin";"Kızıltepe";"YUMURCAK MAHALLESİ";NA
859;"Mardin";"Kızıltepe";"İKİZLER MAHALLESİ";NA
860;"Mardin";"Kızıltepe";"ORTAKÖY MAHALLESİ";NA
861;"Mardin";"Kızıltepe";"CANTAŞI MAHALLESİ";NA
862;"Mardin";"Midyat";"IŞIKLAR MAHALLESİ";NA
863;"Mardin";"Nusaybin";"PAZAR MAHALLESİ";NA
864;"Mardin";"Nusaybin";"AKÇATARLA MAHALLESİ";NA
865;"Mardin";"Nusaybin";"DİRİM MAHALLESİ";NA
866;"Mersin";"Akdeniz";"ADANALIOĞLU LİMONLU MAHALLESİ";NA
867;"Mersin";"Akdeniz";"SİTELER MAHALLESİ";NA
868;"Mersin";"Akdeniz";"KÜLTÜR MAHALLESİ";NA
869;"Mersin";"Akdeniz";"CAMİ ŞERİF MAHALLESİ";NA
870;"Mersin";"Akdeniz";"CUMHURİYET MAHALLESİ";NA
871;"Mersin";"Akdeniz";"ÇANKAYA MAHALLESİ";NA
872;"Mersin";"Akdeniz";"MESUDİYE MAHALLESİ";NA
873;"Mersin";"Akdeniz";"ABDULLAH ŞAHUTOĞLU MAHALLESİ";NA
874;"Mersin";"Akdeniz";"HAMİDİYE MAHALLESİ";NA
875;"Mersin";"Akdeniz";"KİREMİTHANE MAHALLESİ";NA
876;"Mersin";"Akdeniz";"ÜÇOCAK MAHALLESİ";NA
877;"Mersin";"Akdeniz";"HÜRRİYET MAHALLESİ";NA
878;"Mersin";"Akdeniz";"MAHMUDİYE MAHALLESİ";NA
879;"Mersin";"Akdeniz";"BARIŞ MAHALLESİ";NA
880;"Mersin";"Akdeniz";"KAZANLI MAHALLESİ";NA
881;"Mersin";"Akdeniz";"HAL MAHALLESİ";NA
882;"Mersin";"Akdeniz";"AKDENİZ MAHALLESİ";NA
883;"Mersin";"Akdeniz";"TURGUTREİS MAHALLESİ";NA
884;"Mersin";"Akdeniz";"YENİ MAHALLESİ";NA
885;"Mersin";"Akdeniz";"MÜFİDE İLHAN MAHALLESİ";NA
886;"Mersin";"Akdeniz";"BAHÇE MAHALLESİ";NA
887;"Mersin";"Akdeniz";"ÖZGÜRLÜK MAHALLESİ";NA
888;"Mersin";"Akdeniz";"MİTHATPAŞA MAHALLESİ";NA
889;"Mersin";"Akdeniz";"GÜNDOĞDU MAHALLESİ";NA
890;"Mersin";"Akdeniz";"NUSRATİYE MAHALLESİ";NA
891;"Mersin";"Akdeniz";"YEŞİLÇİMEN MAHALLESİ";NA
892;"Mersin";"Akdeniz";"ÇAY MAHALLESİ";NA
893;"Mersin";"Erdemli";"KIZKALESİ MAHALLESİ";NA
894;"Mersin";"Gülnar";"YANIŞLI MAHALLESİ";NA
895;"Mersin";"Mezitli";"İSTİKLAL MAHALLESİ";NA
896;"Mersin";"Mezitli";"FATİH MAHALLESİ";NA
897;"Mersin";"Mezitli";"SEYMENLİ MAHALLESİ";NA
898;"Mersin";"Mezitli";"VİRANŞEHİR MAHALLESİ";NA
899;"Mersin";"Mezitli";"YENİ MAHALLESİ";NA
900;"Mersin";"Silifke";"ARKUM MAHALLESİ";NA
901;"Mersin";"Silifke";"SAY MAHALLESİ";NA
902;"Mersin";"Silifke";"SÖKÜN MAHALLESİ";NA
903;"Mersin";"Silifke";"TOSMURLU OSB MAHALLESİ";NA
904;"Mersin";"Silifke";"KURTULUŞ MAHALLESİ";NA
905;"Mersin";"Silifke";"PAZARKAŞI MAHALLESİ";NA
906;"Mersin";"Tarsus";"KONAKLAR MAHALLESİ";NA
907;"Mersin";"Tarsus";"ÇATALCA MAHALLESİ";NA
908;"Mersin";"Tarsus";"YUNUS EMRE MAHALLESİ";NA
909;"Mersin";"Tarsus";"EGEMEN MAHALLESİ";NA
910;"Mersin";"Tarsus";"KULAK MAHALLESİ";NA
911;"Mersin";"Tarsus";"BAHŞİŞ MAHALLESİ";NA
912;"Mersin";"Tarsus";"YEŞİLTEPE MAHALLESİ";NA
913;"Mersin";"Tarsus";"ATALAR MAHALLESİ";NA
914;"Mersin";"Tarsus";"ÇÖPLÜ MAHALLESİ";NA
915;"Mersin";"Tarsus";"82EVLER MAHALLESİ";NA
916;"Mersin";"Tarsus";"KELAHMET MAHALLESİ";NA
917;"Mersin";"Tarsus";"BARBAROS MAHALLESİ";NA
918;"Mersin";"Tarsus";"KARGILI MAHALLESİ";NA
919;"Mersin";"Tarsus";"AKARSU MAHALLESİ";NA
920;"Mersin";"Tarsus";"BAHARLI MAHALLESİ";NA
921;"Mersin";"Tarsus";"ŞEHİTKERİM MAHALLESİ";NA
922;"Mersin";"Tarsus";"GİRNE MAHALLESİ";NA
923;"Mersin";"Tarsus";"BAHÇE MAHALLESİ";NA
924;"Mersin";"Toroslar";"TURUNÇLU MAHALLESİ";NA
925;"Mersin";"Toroslar";"ALSANCAK MAHALLESİ";NA
926;"Mersin";"Toroslar";"DEMİRTAŞ MAHALLESİ";NA
927;"Mersin";"Yenişehir / Mersin";"DUMLUPINAR MAHALLESİ";NA
928;"Mersin";"Yenişehir / Mersin";"PALMİYE MAHALLESİ";NA
929;"Muğla";"Fethiye";"ÖLÜDENİZ MAHALLESİ";NA
930;"Muğla";"Seydikemer";"KUMLUOVA MAHALLESİ";NA
931;"Muş";"Muş Merkez";"AŞAĞISIZMA KÖYÜ,  MEVKİİ";NA
932;"Nevşehir";"Derinkuyu";"BAŞ MAHALLESİ";NA
933;"Nevşehir";"Derinkuyu";"BAYRAMLI MAHALLESİ";NA
934;"Nevşehir";"Derinkuyu";"CUMHURİYET MAHALLESİ";NA
935;"Nevşehir";"Derinkuyu";"FATİH MAHALLESİ";NA
936;"Nevşehir";"Nevşehir Merkez";"YENİ MAHALLESİ";NA
937;"Nevşehir";"Nevşehir Merkez";"KAPUCUBAŞI MAHALLESİ";NA
938;"Nevşehir";"Nevşehir Merkez";"KARASOKU MAHALLESİ";NA
939;"Nevşehir";"Nevşehir Merkez";"CAMİCEDİT MAHALLESİ";NA
940;"Nevşehir";"Nevşehir Merkez";"İBRAHİMPAŞA MAHALLESİ";NA
941;"Nevşehir";"Nevşehir Merkez";"HACIRÜŞTÜ MAHALLESİ";NA
942;"Nevşehir";"Nevşehir Merkez";"HERİKLİ MAHALLESİ";NA
943;"Nevşehir";"Nevşehir Merkez";"RAŞİTBEY MAHALLESİ";NA
944;"Nevşehir";"Nevşehir Merkez";"350 EVLER MAHALLESİ";NA
945;"Nevşehir";"Ürgüp";"BAŞDERE KÖYÜ, SULTANIM MEVKİİ";NA
946;"Nevşehir";"Ürgüp";"BAŞDERE KÖYÜ, EYÜPLÜ MEVKİİ";NA
947;"Niğde";"Bor";"ORGANİZE SANAYİ BÖLGESİ MAHALLESİ";NA
948;"Niğde";"Bor";"ORTA MAHALLESİ";NA
949;"Niğde";"Niğde Merkez";"ALAADDİN MAHALLESİ";NA
950;"Niğde";"Niğde Merkez";"AHİPAŞA MAHALLESİ";NA
951;"Niğde";"Niğde Merkez";"SIRALİ MAHALLESİ";NA
952;"Niğde";"Niğde Merkez";"KALE MAHALLESİ";NA
953;"Niğde";"Niğde Merkez";"BALHASAN MAHALLESİ";NA
954;"Niğde";"Ulukışla";"HACIBEKİRLİ KÖYÜ";NA
955;"Niğde";"Ulukışla";"ALTAY KÖYÜ, KÜME2 MEVKİİ";NA
956;"Niğde";"Ulukışla";"PORSUK KÖYÜ, KÜME1 MEVKİİ";NA
957;"Osmaniye";"Düziçi";"GÖKÇAYIR KÖYÜ, ARPAÇUKURU MEVKİİ";NA
958;"Osmaniye";"Kadirli";"KİREMİTLİ KÖYÜ, HOCALAR MEVKİİ";NA
959;"Osmaniye";"Kadirli";"TOPRAKTEPE KÖYÜ, TIBILILAR MEVKİİ";NA
960;"Osmaniye";"Kadirli";"SAVRUN MAHALLESİ";NA
961;"Osmaniye";"Osmaniye Merkez";"CEVDETİYE BELDESİ, YEŞİLTEPE MAHALLESİ";NA
962;"Osmaniye";"Osmaniye Merkez";"DERVİŞLİ KÖYÜ, İBİŞ AĞALAR E-24 KARAYOLU ÜZERİ MEVKİİ";NA
963;"Osmaniye";"Osmaniye Merkez";"CUMHURİYET MAHALLESİ";NA
964;"Osmaniye";"Osmaniye Merkez";"İSTİKLAL MAHALLESİ";NA
965;"Rize";"Çayeli";"ABDULLAHHOCA KÖYÜ, OKUMUŞ ÇAY MEVKİİ";NA
966;"Sakarya";"Adapazarı";"TIĞCILAR MAHALLESİ";NA
967;"Sakarya";"Sapanca";"İLMİYE MAHALLESİ";NA
968;"Sakarya";"Sapanca";"KURTKÖY DİBEKTAŞ MAHALLESİ";NA
969;"Samsun";"Atakum";"DENİZEVLERİ  MAHALLESİ";NA
970;"Samsun";"Canik";"SOĞUKSU MAHALLESİ";NA
971;"Samsun";"İlkadım";"19 MAYIS  MAHALLESİ";NA
972;"Samsun";"İlkadım";"HÜRRİYET MAHALLESİ";NA
973;"Samsun";"İlkadım";"ZAFER  MAHALLESİ";NA
974;"Sinop";"Ayancık";"ÜNLÜCE KÖYÜ, YALI MEVKİİ";NA
975;"Sinop";"Boyabat";"OSMANKÖY KÖYÜ, OSMANKÖY KÜMEEVLER MÜCAVİR MEVKİİ";NA
976;"Sivas";"Sivas Merkez";"AHMETTURANGAZİ OSB MAHALLESİ";NA
977;"Sivas";"Şarkışla";"ALIKÖREN KÖYÜ";NA
978;"Sivas";"Ulaş";"DEMİRCİLİK KÖYÜ, AŞAĞI DEMİRCİLİK MEZRASI";NA
979;"Sivas";"Zara";"AVŞAR KÖYÜ, BUĞDAYLI (ŞAHİN ÇAVUŞLAR) MEZRASI";NA
980;"Sivas";"Zara";"AŞAĞIÇAMURCU KÖYÜ, GİLGİL MEZRASI";NA
981;"Şanlıurfa";"Akçakale";"İKİZCE MAHALLESİ";NA
982;"Şanlıurfa";"Akçakale";"ŞANLI MAHALLESİ";NA
983;"Şanlıurfa";"Akçakale";"ADNAN MENDERES MAHALLESİ";NA
984;"Şanlıurfa";"Akçakale";"YAĞMURALAN MAHALLESİ";NA
985;"Şanlıurfa";"Akçakale";"TATLICA MAHALLESİ";NA
986;"Şanlıurfa";"Akçakale";"GÜLVEREN MAHALLESİ";NA
987;"Şanlıurfa";"Akçakale";"KIRMITLI MAHALLESİ";NA
988;"Şanlıurfa";"Akçakale";"GÜVENÇ MAHALLESİ";NA
989;"Şanlıurfa";"Akçakale";"İNCEDERE MAHALLESİ";NA
990;"Şanlıurfa";"Akçakale";"YENİŞEHİR MAHALLESİ";NA
991;"Şanlıurfa";"Akçakale";"YENİ MAHALLESİ";NA
992;"Şanlıurfa";"Akçakale";"CEYLANLI MAHALLESİ";NA
993;"Şanlıurfa";"Akçakale";"FEVZİ ÇAKMAK MAHALLESİ";NA
994;"Şanlıurfa";"Akçakale";"GÜNDAŞ MAHALLESİ";NA
995;"Şanlıurfa";"Akçakale";"ÇAKIRLAR MAHALLESİ";NA
996;"Şanlıurfa";"Akçakale";"EDEBEY MAHALLESİ";NA
997;"Şanlıurfa";"Akçakale";"YALINLI MAHALLESİ";NA
998;"Şanlıurfa";"Akçakale";"ŞAHİNLER MAHALLESİ";NA
999;"Şanlıurfa";"Akçakale";"SÜLEYMANŞAH MAHALLESİ";NA
1000;"Şanlıurfa";"Akçakale";"BUKET MAHALLESİ";NA
1001;"Şanlıurfa";"Akçakale";"TURGUT ÖZAL MAHALLESİ";NA
1002;"Şanlıurfa";"Akçakale";"HÜRRİYET MAHALLESİ";NA
1003;"Şanlıurfa";"Akçakale";"ALATLAR MAHALLESİ";NA
1004;"Şanlıurfa";"Akçakale";"ATATÜRK MAHALLESİ";NA
1005;"Şanlıurfa";"Akçakale";"OKAYLAR MAHALLESİ";NA
1006;"Şanlıurfa";"Akçakale";"BÜYÜCEK MAHALLESİ";NA
1007;"Şanlıurfa";"Akçakale";"AŞAĞIDEREN MAHALLESİ";NA
1008;"Şanlıurfa";"Akçakale";"FATİH SULTAN MEHMET MAHALLESİ";NA
1009;"Şanlıurfa";"Akçakale";"ERECEK MAHALLESİ";NA
1010;"Şanlıurfa";"Akçakale";"AKÇAKÖY MAHALLESİ";NA
1011;"Şanlıurfa";"Akçakale";"BİLECE MAHALLESİ";NA
1012;"Şanlıurfa";"Akçakale";"GÜNEREN MAHALLESİ";NA
1013;"Şanlıurfa";"Akçakale";"SALİHLER MAHALLESİ";NA
1014;"Şanlıurfa";"Akçakale";"KURUDERE MAHALLESİ";NA
1015;"Şanlıurfa";"Akçakale";"ÖNCÜL MAHALLESİ";NA
1016;"Şanlıurfa";"Akçakale";"AYDINLI MAHALLESİ";NA
1017;"Şanlıurfa";"Akçakale";"ÇOKALAN MAHALLESİ";NA
1018;"Şanlıurfa";"Akçakale";"YUKARI ÇUKURCA MAHALLESİ";NA
1019;"Şanlıurfa";"Akçakale";"KÖSEÖREN MAHALLESİ";NA
1020;"Şanlıurfa";"Akçakale";"ZORLU MAHALLESİ";NA
1021;"Şanlıurfa";"Akçakale";"TOPÇU MAHALLESİ";NA
1022;"Şanlıurfa";"Birecik";"MERKEZ MAHALLESİ";NA
1023;"Şanlıurfa";"Birecik";"SANCAK MAHALLESİ";NA
1024;"Şanlıurfa";"Birecik";"HOCA ŞERİF MAHALLESİ";NA
1025;"Şanlıurfa";"Bozova";"KONUKSEVER MAHALLESİ";NA
1026;"Şanlıurfa";"Bozova";"KINDIRALİ MAHALLESİ";NA
1027;"Şanlıurfa";"Bozova";"ÖZGÖREN MAHALLESİ";NA
1028;"Şanlıurfa";"Ceylanpınar";"MEVLANA MAHALLESİ";NA
1029;"Şanlıurfa";"Ceylanpınar";"AŞAĞIDORUKLU MAHALLESİ";NA
1030;"Şanlıurfa";"Ceylanpınar";"YUKARITAŞLIDERE MAHALLESİ";NA
1031;"Şanlıurfa";"Ceylanpınar";"YENİŞEHİR MAHALLESİ";NA
1032;"Şanlıurfa";"Ceylanpınar";"ULUCAMİ MAHALLESİ";NA
1033;"Şanlıurfa";"Ceylanpınar";"ADNAN MENDERES MAHALLESİ";NA
1034;"Şanlıurfa";"Eyyübiye";"PINARBAŞI MAHALLESİ";NA
1035;"Şanlıurfa";"Eyyübiye";"KARAKOYUNLU MAHALLESİ";NA
1036;"Şanlıurfa";"Eyyübiye";"TÜRKMEYDANI MAHALLESİ";NA
1037;"Şanlıurfa";"Eyyübiye";"EYÜPKENT MAHALLESİ";NA
1038;"Şanlıurfa";"Eyyübiye";"KURTULUŞ MAHALLESİ";NA
1039;"Şanlıurfa";"Eyyübiye";"KADIOĞLU MAHALLESİ";NA
1040;"Şanlıurfa";"Eyyübiye";"YUSUFPAŞA MAHALLESİ";NA
1041;"Şanlıurfa";"Eyyübiye";"BEYKAPUSU MAHALLESİ";NA
1042;"Şanlıurfa";"Eyyübiye";"HAKİMDEDE MAHALLESİ";NA
1043;"Şanlıurfa";"Eyyübiye";"AKÇAMESCİT MAHALLESİ";NA
1044;"Şanlıurfa";"Eyyübiye";"YENİ MAHALLESİ";NA
1045;"Şanlıurfa";"Eyyübiye";"CAMİKEBİR MAHALLESİ";NA
1046;"Şanlıurfa";"Eyyübiye";"BIÇAKÇI MAHALLESİ";NA
1047;"Şanlıurfa";"Eyyübiye";"ASYA MAHALLESİ";NA
1048;"Şanlıurfa";"Eyyübiye";"YAKUBİYE MAHALLESİ";NA
1049;"Şanlıurfa";"Eyyübiye";"HAYATİ HARRANİ MAHALLESİ";NA
1050;"Şanlıurfa";"Eyyübiye";"RUHA MAHALLESİ";NA
1051;"Şanlıurfa";"Eyyübiye";"BAKIŞLAR MAHALLESİ";NA
1052;"Şanlıurfa";"Eyyübiye";"KENDİRCİ MAHALLESİ";NA
1053;"Şanlıurfa";"Eyyübiye";"ZEYNEPKÖY MAHALLESİ";NA
1054;"Şanlıurfa";"Eyyübiye";"ÇALIŞKANLAR MAHALLESİ";NA
1055;"Şanlıurfa";"Eyyübiye";"DİREKLİ MAHALLESİ";NA
1056;"Şanlıurfa";"Eyyübiye";"GÜMÜŞKUŞAK MAHALLESİ";NA
1057;"Şanlıurfa";"Eyyübiye";"AÇMALI MAHALLESİ";NA
1058;"Şanlıurfa";"Eyyübiye";"HALEPLİBAHÇE MAHALLESİ";NA
1059;"Şanlıurfa";"Eyyübiye";"AKŞEMSETTİN MAHALLESİ";NA
1060;"Şanlıurfa";"Eyyübiye";"TEPE MAHALLESİ";NA
1061;"Şanlıurfa";"Eyyübiye";"KUBACIK MAHALLESİ";NA
1062;"Şanlıurfa";"Eyyübiye";"AKMEŞHET MAHALLESİ";NA
1063;"Şanlıurfa";"Eyyübiye";"GÖL MAHALLESİ";NA
1064;"Şanlıurfa";"Eyyübiye";"AKABE MAHALLESİ";NA
1065;"Şanlıurfa";"Halfeti";"KARAOTLAK MAHALLESİ";NA
1066;"Şanlıurfa";"Haliliye";"ATATÜRK MAHALLESİ";NA
1067;"Şanlıurfa";"Haliliye";"MİMAR SİNAN MAHALLESİ";NA
1068;"Şanlıurfa";"Haliliye";"BAHÇELİEVLER MAHALLESİ";NA
1069;"Şanlıurfa";"Haliliye";"ŞEHİTLİK MAHALLESİ";NA
1070;"Şanlıurfa";"Haliliye";"YEŞİLYURT MAHALLESİ";NA
1071;"Şanlıurfa";"Haliliye";"KAMBERİYE MAHALLESİ";NA
1072;"Şanlıurfa";"Haliliye";"HIZMALI MAHALLESİ";NA
1073;"Şanlıurfa";"Haliliye";"CENGİZ TOPEL MAHALLESİ";NA
1074;"Şanlıurfa";"Haliliye";"ORTAÖREN MAHALLESİ";NA
1075;"Şanlıurfa";"Haliliye";"ŞAİR ŞEVKET MAHALLESİ";NA
1076;"Şanlıurfa";"Haliliye";"NOKTA MAHALLESİ";NA
1077;"Şanlıurfa";"Haliliye";"SULTAN FATİH MAHALLESİ";NA
1078;"Şanlıurfa";"Haliliye";"BAĞLARBAŞI MAHALLESİ";NA
1079;"Şanlıurfa";"Haliliye";"PERŞEMBE MAHALLESİ";NA
1080;"Şanlıurfa";"Haliliye";"BAMYASUYU MAHALLESİ";NA
1081;"Şanlıurfa";"Haliliye";"ŞAİR NABİ MAHALLESİ";NA
1082;"Şanlıurfa";"Haliliye";"KÖSECİK MAHALLESİ";NA
1083;"Şanlıurfa";"Haliliye";"SANCAKTAR MAHALLESİ";NA
1084;"Şanlıurfa";"Haliliye";"DAĞYANI MAHALLESİ";NA
1085;"Şanlıurfa";"Haliliye";"SÜLEYMANİYE MAHALLESİ";NA
1086;"Şanlıurfa";"Haliliye";"YAVUZ SELİM MAHALLESİ";NA
1087;"Şanlıurfa";"Haliliye";"İPEKYOL MAHALLESİ";NA
1088;"Şanlıurfa";"Haliliye";"DERİNKUYU MAHALLESİ";NA
1089;"Şanlıurfa";"Haliliye";"YENİŞEHİR MAHALLESİ";NA
1090;"Şanlıurfa";"Haliliye";"ASRİ MAHALLESİ";NA
1091;"Şanlıurfa";"Harran";"KÖKENLİ MAHALLESİ";NA
1092;"Şanlıurfa";"Harran";"TOYTEPE MAHALLESİ";NA
1093;"Şanlıurfa";"Harran";"YAYVANDORUK MAHALLESİ";NA
1094;"Şanlıurfa";"Harran";"SAİDE MAHALLESİ";NA
1095;"Şanlıurfa";"Harran";"SOYLU MAHALLESİ";NA
1096;"Şanlıurfa";"Harran";"ŞEYH HAYATİ HARRANİ MAHALLESİ";NA
1097;"Şanlıurfa";"Harran";"HZ. YAKUP MAHALLESİ";NA
1098;"Şanlıurfa";"Harran";"AVLAK MAHALLESİ";NA
1099;"Şanlıurfa";"Harran";"CUMHURİYET MAHALLESİ";NA
1100;"Şanlıurfa";"Harran";"BOZYAZI MAHALLESİ";NA
1101;"Şanlıurfa";"Harran";"ZEYTİNDALI MAHALLESİ";NA
1102;"Şanlıurfa";"Harran";"BELLİTAŞ MAHALLESİ";NA
1103;"Şanlıurfa";"Harran";"ALACALI MAHALLESİ";NA
1104;"Şanlıurfa";"Harran";"AYDINCIK MAHALLESİ";NA
1105;"Şanlıurfa";"Harran";"KÜÇÜKYILDIZ MAHALLESİ";NA
1106;"Şanlıurfa";"Harran";"ARIN MAHALLESİ";NA
1107;"Şanlıurfa";"Harran";"HAZRETİ İMAMBAKIR MAHALLESİ";NA
1108;"Şanlıurfa";"Harran";"MEYDANKAPI MAHALLESİ";NA
1109;"Şanlıurfa";"Harran";"ÖZTAŞ MAHALLESİ";NA
1110;"Şanlıurfa";"Harran";"ÇATALHURMA MAHALLESİ";NA
1111;"Şanlıurfa";"Harran";"İBNİ TEYMİYE MAHALLESİ";NA
1112;"Şanlıurfa";"Harran";"ŞÜKÜRALİ MAHALLESİ";NA
1113;"Şanlıurfa";"Harran";"ÇİÇEK MAHALLESİ";NA
1114;"Şanlıurfa";"Harran";"KIRMITLI MAHALLESİ";NA
1115;"Şanlıurfa";"Harran";"SÜLEYMAN DEMİREL MAHALLESİ";NA
1116;"Şanlıurfa";"Harran";"KOYUNLUCA MAHALLESİ";NA
1117;"Şanlıurfa";"Hilvan";"USTAHASAN MAHALLESİ";NA
1118;"Şanlıurfa";"Karaköprü";"BÜYÜKÖRDEK MAHALLESİ";NA
1119;"Şanlıurfa";"Karaköprü";"YIĞINAK MAHALLESİ";NA
1120;"Şanlıurfa";"Karaköprü";"AKÇAHİSAR MAHALLESİ";NA
1121;"Şanlıurfa";"Siverek";"KALEMLİ MAHALLESİ";NA
1122;"Şanlıurfa";"Siverek";"KEŞ MAHALLESİ";NA
1123;"Şanlıurfa";"Siverek";"AYRANCI MAHALLESİ";NA
1124;"Şanlıurfa";"Suruç";"KÜÇÜKSERGEN MAHALLESİ";NA
1125;"Şanlıurfa";"Suruç";"OYMAKLI MAHALLESİ";NA
1126;"Şanlıurfa";"Suruç";"DİKİLİ MAHALLESİ";NA
1127;"Şanlıurfa";"Suruç";"TOPÇULAR MAHALLESİ";NA
1128;"Şanlıurfa";"Suruç";"HÜRRİYET MAHALLESİ";NA
1129;"Şanlıurfa";"Suruç";"YILDIRIM MAHALLESİ";NA
1130;"Şanlıurfa";"Suruç";"CUMHURİYET MAHALLESİ";NA
1131;"Şanlıurfa";"Viranşehir";"ŞEHİT MAHALLESİ";NA
1132;"Şanlıurfa";"Viranşehir";"SÖZERİ MAHALLESİ";NA
1133;"Şanlıurfa";"Viranşehir";"KOLAĞASI MAHALLESİ";NA
1134;"Şanlıurfa";"Viranşehir";"ÖVÜNCÜK MAHALLESİ";NA
1135;"Şanlıurfa";"Viranşehir";"UĞURLU MAHALLESİ";NA
1136;"Şanlıurfa";"Viranşehir";"GÜRPINAR MAHALLESİ";NA
1137;"Şanlıurfa";"Viranşehir";"ÇİFTÇİLER MAHALLESİ";NA
1138;"Şanlıurfa";"Viranşehir";"OĞLAKÇI MAHALLESİ";NA
1139;"Şanlıurfa";"Viranşehir";"ULAKLI MAHALLESİ";NA
1140;"Şanlıurfa";"Viranşehir";"YILDIZ MAHALLESİ";NA
1141;"Şanlıurfa";"Viranşehir";"KALE MAHALLESİ";NA
1142;"Şanlıurfa";"Viranşehir";"ÜÇGÜL MAHALLESİ";NA
1143;"Şanlıurfa";"Viranşehir";"YÜCELER MAHALLESİ";NA
1144;"Şanlıurfa";"Viranşehir";"TEKKE MAHALLESİ";NA
1145;"Şanlıurfa";"Viranşehir";"BURÇ MAHALLESİ";NA
1146;"Şanlıurfa";"Viranşehir";"EŞKİN MAHALLESİ";NA
1147;"Şanlıurfa";"Viranşehir";"KAVURGA MAHALLESİ";NA
1148;"Şanlıurfa";"Viranşehir";"GÖKTEPE MAHALLESİ";NA
1149;"Şanlıurfa";"Viranşehir";"ŞARKPINAR MAHALLESİ";NA
1150;"Şanlıurfa";"Viranşehir";"AYAKLI MAHALLESİ";NA
1151;"Tokat";"Yeşilyurt / Tokat";"TÜRKMENLER MAHALLESİ";NA
1152;"Trabzon";"Ortahisar";"PAZARKAPI MAHALLESİ";NA
1153;"Uşak";"Eşme";"İSTASYON MAHALLESİ";NA
1154;"Uşak";"Uşak Merkez";"MENDE KÖYÜ, KAŞBELEN MÜCAVİR MEVKİİ";NA
1155;"Uşak";"Uşak Merkez";"GÖĞEM KÖYÜ, GÖL  MEVKİİ";NA
1156;"Uşak";"Uşak Merkez";"KÖME MAHALLESİ";NA
1157;"Uşak";"Uşak Merkez";"KARMA OSB MAHALLESİ";NA
1158;"Uşak";"Uşak Merkez";"ÖZDEMİR MAHALLESİ";NA
1159;"Yalova";"Çınarcık";"ÇAMLIK MAHALLESİ";NA
1160;"Yalova";"Çınarcık";"TAŞLİMAN MAHALLESİ";NA
1161;"Yalova";"Çınarcık";"HARMANLAR MAHALLESİ";NA
1162;"Yalova";"Yalova Merkez";"SUGÖREN KÖYÜ, SUGÖREN MÜCAVİR MEVKİİ";NA
1163;"Yalova";"Yalova Merkez";"BAHÇELİEVLER MAHALLESİ";NA
1164;"Yalova";"Yalova Merkez";"ADNAN MENDERES MAHALLESİ";NA
1165;"Yalova";"Yalova Merkez";"KAZIM KARABEKİR MAHALLESİ";NA
1166;"Yozgat";"Yerköy";"ARSLANHACILI KÖYÜ, YAYLAEVLERİ YAYLA EVLERİ";NA
1167;"Yozgat";"Yerköy";"SALİHLİ KÖYÜ";NA
1168;"Yozgat";"Yozgat Merkez";"DAYILI KÖYÜ, ARAPLIÇİFTLİĞİ MEVKİİ";NA
1169;"Yozgat";"Yozgat Merkez";"KIRIM KÖYÜ, MOLLAHASAN MEVKİİ";NA
